{"type":"FeatureCollection","crs":{"type":"name","properties":{"name":"EPSG:4326"}},"features":[{"type":"Feature","geometry":{"type":"MultiPolygon","coordinates":[[[[-0.104150965816208,51.5085440225566],[-0.104684269537331,51.5084052672415],[-0.104675765428944,51.5086146074793],[-0.104150965816208,51.5085440225566]]],[[[-0.0967586335163996,51.5233140387514],[-0.0964153698729621,51.522831671003],[-0.0950902105204137,51.5231090777363],[-0.0943185680833211,51.5214848929555],[-0.0924983781743811,51.5214729029003],[-0.0923602467795468,51.5210356112327],[-0.0896733279549815,51.520718976064],[-0.0899830674427748,51.5199733243528],[-0.0861997313420188,51.5188121086316],[-0.0852326450965759,51.5203483962659],[-0.0831233098925708,51.5198516128431],[-0.0817731359017545,51.5207454012835],[-0.0810408173535679,51.521973057215],[-0.0785291057043016,51.5215119179615],[-0.0794129529519501,51.5188853300669],[-0.0780990540114851,51.518978621658],[-0.078173494433389,51.5184712040684],[-0.0768720421523466,51.5166250763039],[-0.0740032846027966,51.5144784652424],[-0.0730520769526355,51.5118083252744],[-0.0728126744795471,51.5102370516409],[-0.0745446293087759,51.5099541982695],[-0.0755174020911968,51.50973639082],[-0.0762122515601643,51.510560386011],[-0.0778556775247856,51.5100854315985],[-0.078814775941371,51.5094607319234],[-0.0790716949456976,51.5090640953625],[-0.0787048497474394,51.5088349370013],[-0.079465009142246,51.5078255950138],[-0.0803128238351506,51.5080751761432],[-0.0803168787507311,51.5080755941851],[-0.0854636074011891,51.5086062683189],[-0.0854659878636518,51.5086065140124],[-0.087089442933025,51.5089859863835],[-0.088515532384621,51.5089726239713],[-0.0886428099117543,51.5089714304287],[-0.0918660074240278,51.5094076549519],[-0.0919203141094347,51.509415004327],[-0.0952307261555383,51.5101799770666],[-0.0951751441562631,51.5106166881841],[-0.09613661363691,51.510265846174],[-0.0998065762613371,51.5108169744425],[-0.0998734402015337,51.51082701468],[-0.108459061987331,51.5108726318961],[-0.108466161985496,51.5108725413482],[-0.111477031113904,51.5108340369559],[-0.111502690035089,51.5108337081395],[-0.111555901893517,51.5117999980236],[-0.112508903162863,51.5127275162882],[-0.111704400673957,51.513190130931],[-0.111935793019154,51.5136881032003],[-0.111057012329661,51.5138292226959],[-0.111567824442113,51.5153350290831],[-0.113803703413632,51.5182579357095],[-0.10781920575416,51.5177660375894],[-0.105290341558648,51.5185548578323],[-0.101749478414867,51.5196829074904],[-0.100252195422361,51.5201290460535],[-0.0976628509490756,51.5207125094027],[-0.0975725268688324,51.5211747556566],[-0.0973850105007348,51.5215920920749],[-0.097945359231051,51.5228744250753],[-0.0967586335163996,51.5233140387514]]]]},"properties":{"LAD24CD":"E09000001","LAD24NM":"City of London"}},{"type":"Feature","geometry":{"type":"MultiPolygon","coordinates":[[[[0.0710251793487194,51.5371430388852],[0.0729405284220003,51.5345127288983],[0.0729022999009582,51.5337536089023],[0.0729020776621764,51.5337491919601],[0.072889083503736,51.5334911550293],[0.0753416868306916,51.5312037297472],[0.0756512908699471,51.5298304560164],[0.0756531722123066,51.5298221133625],[0.0754272444422522,51.5298745535747],[0.0745953573324121,51.5296884978808],[0.0745930369549167,51.5296888977244],[0.0745675995915934,51.5296927629894],[0.0745441339401927,51.5296963289962],[0.0744640630874035,51.529688254652],[0.0742868039097618,51.5296347114165],[0.0734800402862388,51.5294433925122],[0.0733259707078079,51.5294068553033],[0.0733253987315022,51.5294044517374],[0.0727454762217297,51.5292747368747],[0.0725769776729165,51.5307512385752],[0.0717562377648518,51.5328974464873],[0.0695253610875014,51.5362621980296],[0.0687713626833771,51.5362069922352],[0.0679550919908522,51.5361961210612],[0.0682729396756217,51.5369897594231],[0.0689061135111038,51.5371930270497],[0.0670843495553701,51.5394660594153],[0.0666844103037253,51.5406482430369],[0.0668927285629328,51.5418656578107],[0.0683036990858661,51.5442534217457],[0.0683616946338665,51.5443903891844],[0.0693438189566738,51.5441543241614],[0.069339863477126,51.5440447934689],[0.0685898650864195,51.5420913095543],[0.0690088407512398,51.5414049660405],[0.0684508048403483,51.5407448414431],[0.0693989630492284,51.5402798315527],[0.0690581644172639,51.538838450479],[0.0704945324432279,51.5384587960069],[0.0710031603174861,51.5371976370716],[0.0710037267639359,51.5371962331886],[0.0710251793487194,51.5371430388852]]],[[[0.148153093952352,51.5967765483569],[0.148066115493633,51.5963564131536],[0.149879933900273,51.5970116756214],[0.151137669958092,51.5954512854076],[0.150619253152612,51.5913744331326],[0.151276598075538,51.5898836746609],[0.150973634032508,51.5838286630497],[0.14856379433479,51.580775011088],[0.147452002377933,51.580812557477],[0.147012279510983,51.5757076221071],[0.148039018161371,51.5757921371969],[0.147944569813229,51.573124257535],[0.148988109531544,51.5731491297406],[0.149736009898797,51.5697102819039],[0.146674855399834,51.5694310053041],[0.146703647684621,51.5687966333103],[0.148736447411088,51.5686376742018],[0.150414733712369,51.5678417583525],[0.151310465967264,51.568084296868],[0.154363765796302,51.5661131534935],[0.161893735700278,51.5616168728879],[0.16636792610052,51.5632718225604],[0.168540865226235,51.5635988830583],[0.173401352116817,51.5650930682388],[0.176117781458231,51.5647219905173],[0.178743970957364,51.5649408333398],[0.183481321442701,51.5646328254354],[0.185180463309676,51.5655130817138],[0.185179273154283,51.5647514913344],[0.183994548015001,51.5638519328395],[0.182665768712343,51.5612427068561],[0.184791816200115,51.559875525301],[0.184413098077479,51.5576532830222],[0.185039737914464,51.5567915805784],[0.184758725100155,51.5564089252228],[0.185865487146026,51.5563432151766],[0.186936385277378,51.5557831647568],[0.187881083994856,51.5540940012004],[0.190169028841709,51.5527208608335],[0.189598191738071,51.551457072284],[0.187493161398344,51.5501981405376],[0.18601364212704,51.5475359213298],[0.1826044479021,51.5458344889524],[0.180377631779663,51.5440966501617],[0.179232426985772,51.5402908377716],[0.178075658693201,51.5395414187208],[0.17657089623205,51.5392453445543],[0.175073248709193,51.5385129416451],[0.173882834430427,51.5373884270147],[0.17249553690431,51.5357773226739],[0.170789863690154,51.5326341010706],[0.168696354883914,51.5311908395653],[0.165962965775036,51.5287933739113],[0.16444905840584,51.5270143030845],[0.162329976802079,51.522336270362],[0.162282351387461,51.5213710895432],[0.15961339949936,51.5157710823359],[0.158756508323291,51.5122652083911],[0.158749517370411,51.5122639394268],[0.158670619812235,51.5122334631294],[0.158080106685406,51.5120053640739],[0.151713405958068,51.5127485053418],[0.146565250750366,51.5140990854793],[0.146485130465016,51.5144184555288],[0.145847080846138,51.5143238231805],[0.145074962590463,51.5146245447012],[0.145767557547341,51.5144841844408],[0.145506534900899,51.5151409532688],[0.144264373105692,51.5154999920294],[0.143744882208809,51.5150571290208],[0.143257066420894,51.5153624614535],[0.143244620656537,51.5153695342311],[0.143243098814399,51.5153703992738],[0.139287102995301,51.5176182965501],[0.136279477465461,51.5185566397572],[0.133204285226863,51.5190847092949],[0.132432819757291,51.5188316353549],[0.126741719891295,51.5195712836689],[0.122647714879558,51.5190870302301],[0.118992496740762,51.5181472962991],[0.11428763492506,51.5159830750361],[0.114463881127291,51.5157424749317],[0.108826011133137,51.5141663655544],[0.106635394286029,51.5139517024212],[0.101794181634119,51.5145818032613],[0.10106115183637,51.5144508756045],[0.0990551970554438,51.5149483442688],[0.09757208902359,51.5158589110246],[0.0973397117635158,51.5157400898631],[0.0973368970679756,51.5157386509419],[0.0971846416573514,51.5156607973108],[0.0973927683635473,51.5158071918704],[0.0973963712980913,51.5158097255442],[0.097513808092779,51.5158923286326],[0.0974790361510942,51.5159124557036],[0.0956204500191587,51.5169882613127],[0.0953139017490465,51.5189141821953],[0.095742550454244,51.5201066307856],[0.0928288618295512,51.522627208665],[0.0932831949216706,51.5246883717812],[0.0921699617829949,51.5267262310654],[0.0905435382673388,51.5260920019315],[0.0898001310128426,51.5266695478412],[0.0888594336957351,51.5268585138071],[0.0857822992966799,51.5259937440123],[0.0833458861586331,51.5271148271901],[0.0810898933245169,51.5277192051742],[0.0810019667942213,51.5277763935644],[0.0780897654524107,51.5296703721508],[0.0764018780725976,51.5298159939159],[0.075479046127894,51.5319129919569],[0.0739622012726095,51.5331974603853],[0.0743514355046847,51.5337827565383],[0.0734987391976814,51.5341930539824],[0.07336581379091,51.5342570127681],[0.071305154928711,51.5372281605074],[0.071284454909745,51.5372734656783],[0.0712820138178278,51.5372788082317],[0.0704513727327909,51.5390966976737],[0.0696764362447619,51.5387825820914],[0.069467397011134,51.5389746684509],[0.0699257804833076,51.5408460780576],[0.0689281631463523,51.5420619635974],[0.0693378076637098,51.5425246128993],[0.0692442742290443,51.5435626809873],[0.069713462113998,51.5439615241765],[0.0697114363543594,51.544066004797],[0.0718098413476553,51.5435618405141],[0.0719570902737821,51.5438108754493],[0.0755489080110188,51.5440112183076],[0.0768099712896189,51.5445849133701],[0.0770330614517716,51.5443795019669],[0.0774939842211705,51.54457351357],[0.0779600410347074,51.5440520007505],[0.0800638961227347,51.5447723549261],[0.0815125276472448,51.5451697074147],[0.0816600297632333,51.545584630037],[0.0858920099981717,51.5473443931627],[0.0885001748522584,51.547741649362],[0.0915367626289642,51.548302789757],[0.091704325393476,51.54910962338],[0.0926082637843222,51.5496496995683],[0.0922677123785687,51.548637050455],[0.0935197644735265,51.5458578934501],[0.0997685923827312,51.5484266622808],[0.104316248210586,51.5498418764059],[0.106131546667101,51.5509449124415],[0.107456041875476,51.5520023127018],[0.108318691080143,51.5521568486506],[0.108418923121705,51.5526962576344],[0.111139441785709,51.5524845713963],[0.111946500144236,51.5526689561845],[0.112354343080321,51.5535016437381],[0.114742939156256,51.5553180164506],[0.112737337980796,51.5565250331288],[0.11327287260786,51.5572667540348],[0.117084962182422,51.5569118782146],[0.117085043058467,51.5574176499401],[0.118901016628217,51.5573709901029],[0.120491599554835,51.5585734665865],[0.117486903589319,51.559180308647],[0.119745551654053,51.5625073441525],[0.118877678684053,51.5627327328034],[0.119051087716779,51.5630518210245],[0.12502855734482,51.5643409784065],[0.127680076814031,51.5661611815549],[0.129324285273829,51.5665254437875],[0.129659209964429,51.5681112009943],[0.130459106946623,51.5702817506211],[0.130423208865367,51.5706700550615],[0.130026134177711,51.570730149641],[0.129906952553102,51.5715383926836],[0.131578541181193,51.5718243711119],[0.130909699401323,51.5733421683491],[0.13009987732425,51.5730644323305],[0.129443523032527,51.5739444420646],[0.129191022343564,51.5763123378864],[0.131643362720049,51.5770853040567],[0.130823841436869,51.5793654553156],[0.133567347777831,51.5799536500334],[0.132555277913465,51.5813066129801],[0.127759038931832,51.5816363831113],[0.128092527625584,51.5828333597485],[0.127662365447979,51.5838785183267],[0.127258715353732,51.5839258506234],[0.126386612488677,51.5867252201384],[0.13102192079694,51.5875242388769],[0.129573872052847,51.5900455785605],[0.137595192673804,51.593894059565],[0.14193543321104,51.5965591739444],[0.146599887190742,51.5994359399519],[0.14820590165784,51.5989684642457],[0.147649118923652,51.5967943289267],[0.148153093952352,51.5967765483569]]]]},"properties":{"LAD24CD":"E09000002","LAD24NM":"Barking and Dagenham"}},{"type":"Feature","geometry":{"type":"Polygon","coordinates":[[[-0.199005120863848,51.6682065542813],[-0.196614117048089,51.6681464841366],[-0.1961592905036,51.6685297461673],[-0.194852198944838,51.6683055005201],[-0.196664873412981,51.6654818702223],[-0.192530834671873,51.6647492832068],[-0.191066699360921,51.6638967044063],[-0.187790359008672,51.6678792940811],[-0.185804286829366,51.6685095571703],[-0.181960815257973,51.6686831946979],[-0.185418360023203,51.6635363042697],[-0.185865830553031,51.6628363024742],[-0.175562038131118,51.6605995779034],[-0.165094435804148,51.6582599968459],[-0.163545248331555,51.6582069760631],[-0.160438298208452,51.6567639995975],[-0.154731838818758,51.6555451442674],[-0.154617002987458,51.6549789690654],[-0.153597680161817,51.6545400219783],[-0.153394151370422,51.6533054966972],[-0.154194094765218,51.6529661048855],[-0.154003874045977,51.6525899224032],[-0.153528050372264,51.652706132856],[-0.152559219537259,51.6514582897013],[-0.152255166652095,51.6498246215972],[-0.150945059827264,51.6500865314006],[-0.149867893303145,51.6488102884478],[-0.152227734646964,51.6479665380895],[-0.152305333335256,51.6476366601052],[-0.151073662911712,51.6472437413047],[-0.152121725260164,51.6458006760437],[-0.151553768084585,51.6456315754383],[-0.151633768800624,51.6453236114201],[-0.149177112640303,51.6453146079349],[-0.147828669765554,51.6420665140498],[-0.145018211811139,51.6426319334734],[-0.142287195835033,51.6393104418939],[-0.140218565378925,51.6374911962433],[-0.138390317321999,51.6365264455948],[-0.134519087894358,51.6346943453249],[-0.134419873045012,51.6339687679173],[-0.133973004242258,51.6340395721847],[-0.133268988148714,51.6332675834028],[-0.131151513163669,51.6325555114925],[-0.129093931888576,51.632265448032],[-0.129777355277638,51.6309630303949],[-0.130164336884496,51.631021106548],[-0.131140467535019,51.6296862514896],[-0.130433723336039,51.6293160580935],[-0.132382695136261,51.6271929262389],[-0.133367605018605,51.6263829978179],[-0.135038624367985,51.6223521402788],[-0.13550408904142,51.6223998260706],[-0.135414260825638,51.6217731813457],[-0.140510959970912,51.6178124965024],[-0.141280141848118,51.6175363078273],[-0.142033436761903,51.6162803122325],[-0.144495116086128,51.6155090116222],[-0.13870599645949,51.6101857862517],[-0.143425303305972,51.6088310603809],[-0.143146734454601,51.6067182336257],[-0.141972983318121,51.603708786084],[-0.144171947680585,51.6010961144215],[-0.144470072322305,51.6001217837464],[-0.151330701481231,51.5974710990475],[-0.15294554604048,51.5991881418022],[-0.15340602278781,51.6028464360529],[-0.154673213688396,51.6042305817123],[-0.156082676176402,51.6051160759063],[-0.155863177309527,51.6054654944774],[-0.156340779674966,51.605368927929],[-0.161761100843511,51.597478858829],[-0.159691068413208,51.5922272401288],[-0.158864204228314,51.592318981714],[-0.158685868117782,51.5919984458913],[-0.159431936973187,51.5915739285305],[-0.159755919169429,51.5897209429422],[-0.160161454713532,51.5896976195971],[-0.160234507311411,51.5879892184587],[-0.158630009713532,51.5880015579887],[-0.158679520180216,51.5866333493394],[-0.157400641593501,51.5865584833061],[-0.157130981863992,51.5861913943339],[-0.157896820195769,51.5862099204978],[-0.157940622793892,51.5857359846159],[-0.159617383637859,51.5844628855299],[-0.161339671284794,51.5852841257476],[-0.163070347355115,51.5843696578533],[-0.164580203367314,51.5839581707193],[-0.165721240568509,51.5832239567567],[-0.166190268347306,51.5820442612783],[-0.167036148691484,51.5817553213486],[-0.166812967212486,51.5786566214162],[-0.168063030081805,51.5769289516918],[-0.16931434680921,51.5774161926719],[-0.169705073518353,51.5763694973184],[-0.169444153912888,51.5739659872894],[-0.171199017776056,51.5735737877532],[-0.17123183297214,51.5724182505535],[-0.173376244818278,51.5710873088436],[-0.17371380158551,51.5699027883253],[-0.174381521111108,51.5692561535884],[-0.178121993180716,51.5705126675905],[-0.178303613645725,51.5700169140142],[-0.180986768865558,51.5696729187715],[-0.180817586719776,51.569404503649],[-0.182112167413734,51.5687260199578],[-0.183672475063841,51.5679568460881],[-0.183387915108403,51.5677676191287],[-0.183760636968241,51.5674682840095],[-0.18614246183503,51.5669234004508],[-0.187142764903119,51.5661555980591],[-0.189645232895486,51.5652165176056],[-0.190346428902951,51.5628715392504],[-0.19112299287364,51.5616561051806],[-0.192289418180666,51.5615566869237],[-0.194826941676313,51.5604838788513],[-0.196725787066427,51.5606974770002],[-0.196774850407015,51.5591546246789],[-0.197499322530845,51.5588659129735],[-0.197910579489715,51.5591298797885],[-0.198306945833702,51.5588578861973],[-0.199511261882767,51.5570754654092],[-0.199371628065116,51.5561900321567],[-0.205779562107332,51.5553185777453],[-0.205967497609692,51.5564303217547],[-0.208837483626681,51.5557255339253],[-0.210010591854248,51.5567513766401],[-0.213486677002519,51.5551909320072],[-0.218498233039517,51.5593360552021],[-0.220660399305213,51.5616640860005],[-0.225464942627918,51.5658676174004],[-0.228794004019311,51.5679708755235],[-0.232249098463514,51.5709594362986],[-0.233417227576263,51.5719829575028],[-0.234560992285474,51.5717735314209],[-0.235668614335251,51.5723099765516],[-0.235479758486623,51.5725473961937],[-0.235858759997574,51.572297822461],[-0.23761156579389,51.5724660643853],[-0.238159982366927,51.5720711822462],[-0.237990483250151,51.5717772883698],[-0.238849228716783,51.5722376336851],[-0.240010090011367,51.5720945098876],[-0.240049870738549,51.5723821694728],[-0.241131123645669,51.5721297965471],[-0.241374431492776,51.5727190298065],[-0.242452565757022,51.5728158281403],[-0.242428363346831,51.5725004689964],[-0.243895903081476,51.5723063566544],[-0.244199171346344,51.5725844949299],[-0.245216880099671,51.5719169539562],[-0.245962667620594,51.5722162830064],[-0.246733635777421,51.5715883437269],[-0.245966343869141,51.5710081899046],[-0.2465495696977,51.5700241363864],[-0.246071573779433,51.5698077425801],[-0.246541017432054,51.5690348799229],[-0.247361599809296,51.5689572570143],[-0.247001614371345,51.5686189206943],[-0.248565277964657,51.568511192703],[-0.249330575691951,51.5688702092294],[-0.252514167958524,51.5715182820141],[-0.253052793820057,51.5723953037577],[-0.251265214614301,51.573153614389],[-0.252679244398852,51.5751435315178],[-0.254544563548069,51.5797719799541],[-0.254264459518889,51.5816690128647],[-0.25172870822786,51.5833759019946],[-0.248234179694855,51.584313731365],[-0.249504913988761,51.5855660890009],[-0.252944572702507,51.5889007418455],[-0.257547662243722,51.5921754379781],[-0.259777012154832,51.5941939123848],[-0.262333745701053,51.5963478450022],[-0.267113115479641,51.6003719676663],[-0.278348902999475,51.6097853633469],[-0.281030197237065,51.6122723939141],[-0.287385119527708,51.617015900749],[-0.292643324982894,51.621742945729],[-0.304460793558934,51.6320336641908],[-0.305573663802058,51.6341206594062],[-0.304449971011893,51.6363487192482],[-0.303784689045184,51.636485054949],[-0.302620968997866,51.6362076897021],[-0.296127205630224,51.6354469644455],[-0.294382597543803,51.6356500462853],[-0.291867558485993,51.6364784653708],[-0.287786832650225,51.636512562341],[-0.285500176721203,51.6369485316162],[-0.28387424646369,51.6377952516995],[-0.281390928969936,51.6383461137787],[-0.278612807381389,51.6383233527162],[-0.276475033650898,51.6388683953586],[-0.273713530385737,51.6386739646255],[-0.274176434703741,51.6393075578759],[-0.27312203907596,51.6411939592511],[-0.272866445154397,51.642099352054],[-0.270037138905131,51.6420873249032],[-0.268246627280267,51.6423864305651],[-0.268345972231187,51.6438339363303],[-0.266767227976553,51.644110974867],[-0.265211082204105,51.6440205470742],[-0.264358899528236,51.6436274849019],[-0.263272164999239,51.6448334987089],[-0.261604602792804,51.6439923276552],[-0.260712732990821,51.6426733110428],[-0.257367655918304,51.6418224715421],[-0.256180728615635,51.6435056850154],[-0.255487528073978,51.6432450663885],[-0.254489449259822,51.6436798082674],[-0.251557001565979,51.6479525874951],[-0.249856145675694,51.6546148871179],[-0.250791240021856,51.6548096194742],[-0.251250273793045,51.6555394248737],[-0.250582589477333,51.6560573513569],[-0.249348030054731,51.6560578118009],[-0.247865582018048,51.655247901013],[-0.243624611973949,51.6566889232103],[-0.241365239399911,51.6572045289246],[-0.240993549202101,51.6568355882285],[-0.239199189671191,51.6573994774134],[-0.237971197199423,51.6577893547281],[-0.238275671849752,51.6582498008421],[-0.236677988392643,51.6587752513223],[-0.234707346012114,51.6590010136365],[-0.234227502797294,51.6582527690149],[-0.228919311402986,51.6599758093884],[-0.228488873656063,51.6599657194579],[-0.2280579578421,51.6585915090214],[-0.226462691430813,51.6571618657753],[-0.226044059825656,51.6576258874922],[-0.219800914371436,51.660660742204],[-0.219247443194306,51.6607997816363],[-0.218894639893316,51.6600615817071],[-0.213393268921577,51.6623780102383],[-0.212135030723747,51.6613535274521],[-0.207863695984533,51.6628611798433],[-0.211133866333014,51.6669549334005],[-0.209838804027539,51.6675628649443],[-0.207959490147344,51.6665944942353],[-0.205634457200867,51.668601203207],[-0.202229936070325,51.6678054025007],[-0.202608428278622,51.6693147421574],[-0.203352928676407,51.6701264980577],[-0.199871677333062,51.670170272785],[-0.199005120863848,51.6682065542813]]]},"properties":{"LAD24CD":"E09000003","LAD24NM":"Barnet"}},{"type":"Feature","geometry":{"type":"MultiPolygon","coordinates":[[[[0.199285347505183,51.4584238511852],[0.199002217304782,51.4581188954868],[0.198563202771134,51.4582998003147],[0.199285347505183,51.4584238511852]]],[[[0.201803030884304,51.4800268643411],[0.202053018022505,51.4790166325704],[0.201038183114076,51.4788337905306],[0.200102010585482,51.4784151897032],[0.198687291828232,51.4783320125226],[0.2001293579888,51.478907956272],[0.200519936973716,51.4797502185802],[0.20111593050303,51.4795203150884],[0.200628211074068,51.479809250564],[0.201301089976841,51.4801642634303],[0.201803030884304,51.4800268643411]]],[[[0.132223291811855,51.5122718240935],[0.137262637530488,51.5100074485949],[0.137458566540524,51.510206226288],[0.146860333965117,51.506670829698],[0.147923719651649,51.5068213431843],[0.14799544257594,51.5064468211771],[0.148538190350211,51.5064508272091],[0.149453089675089,51.5058657211729],[0.149786613957745,51.5058641104625],[0.149913934523662,51.5063950645198],[0.151316313155611,51.5063141647348],[0.151366651207864,51.5063160741595],[0.152841070572804,51.5063719983368],[0.153945575817153,51.5060500220223],[0.160339028947168,51.5054770414044],[0.164485707189892,51.5045377706621],[0.1665770316036,51.5034546306209],[0.170022250890149,51.500059450322],[0.17087165611174,51.4988343975732],[0.171646211680811,51.4977172355583],[0.171979875202169,51.4947327450138],[0.171980244853672,51.4947285266298],[0.171983720444417,51.4946887831514],[0.172496430962688,51.4888260758209],[0.173525734437001,51.4873608944951],[0.174134939402031,51.4867843765288],[0.174537109515027,51.4869266551796],[0.175290726889736,51.48610148703],[0.174894939365419,51.4859721329665],[0.175177863895034,51.4852595672804],[0.176065315078163,51.485248493917],[0.178087645332059,51.483544497209],[0.177631115225784,51.483182916632],[0.177871976205974,51.4830237624],[0.178343971539201,51.4833774106144],[0.183319585920666,51.4811545860154],[0.186604406248684,51.4804328003726],[0.18660674280718,51.4804322981447],[0.190311123730561,51.4797294352809],[0.19045351180747,51.4790347534461],[0.190847989675224,51.4797522278699],[0.192723230679277,51.4797679774715],[0.193016906895343,51.4793753281587],[0.19380723216261,51.4793227685195],[0.195511420908914,51.4796753210974],[0.195956081999442,51.4794579001429],[0.197280193517514,51.4796484752223],[0.197510035947757,51.4794714968504],[0.197078378659678,51.4792556570383],[0.198566378327607,51.4796792187374],[0.198940360928118,51.479429837428],[0.198276366506372,51.4793244780209],[0.197857583794202,51.478792737143],[0.197800488575066,51.4787981091601],[0.197441093597526,51.4784430651983],[0.198920669717167,51.4792602345115],[0.199293948668483,51.4800905937254],[0.200582093141549,51.4800656144606],[0.200115456379696,51.4789482371107],[0.199166701059073,51.4786151211354],[0.19936845371727,51.4789195349523],[0.198585836285015,51.478303787846],[0.199646688169237,51.4783212104784],[0.200090141115903,51.4783780904587],[0.200644229371537,51.4785340662549],[0.201037429761193,51.4788032275988],[0.202149696683739,51.4789905348583],[0.201858780930437,51.4801853578523],[0.203216069166807,51.4803455716358],[0.202087792680435,51.4802750364734],[0.20226465086475,51.4805972708671],[0.204786934387325,51.4808421499167],[0.202860236065569,51.4795977222056],[0.205067050150853,51.4808863453293],[0.205551305438134,51.4804455592162],[0.206309161983215,51.4807190862222],[0.20634502437491,51.4812822911097],[0.209216964815308,51.4818163774031],[0.209605961975445,51.4816399731473],[0.210346792245951,51.4824830742611],[0.211681560041074,51.4827115181021],[0.217665422548806,51.4804113150815],[0.2167205942898,51.4801737685865],[0.215988645990343,51.4794852212916],[0.216418949825955,51.4774668919795],[0.216244927669669,51.4780890144449],[0.216274007540862,51.4774716098756],[0.215661047859748,51.4768599521085],[0.211902626923108,51.4758292388745],[0.211266671151005,51.4752764662335],[0.21135614048268,51.4732279847715],[0.208856481808598,51.4717454259697],[0.208160312797764,51.4708385713187],[0.211014625901593,51.4684339951274],[0.210950847274005,51.4673542466661],[0.209979085597891,51.4655704894265],[0.21023964061532,51.4625018547938],[0.207503722914299,51.461597522667],[0.204436935833428,51.4599790443139],[0.202613449259571,51.4583451777885],[0.200853029240754,51.4584329901832],[0.200834232894682,51.4584345499601],[0.199071910696301,51.4585807405936],[0.198376731334124,51.4583887332801],[0.197252196423701,51.4575891537319],[0.197562593227861,51.4575028529171],[0.198373142123813,51.4582390624515],[0.198894517887269,51.4579896140579],[0.198016793007495,51.4570087113668],[0.19958332788718,51.4583786901092],[0.203048888119508,51.4579521321021],[0.203235718959409,51.4576050255933],[0.20260814849742,51.4562301145471],[0.20387377151109,51.4558034305411],[0.203235722037299,51.4549286977327],[0.203385207576653,51.4543260509137],[0.202486426218535,51.4538653905262],[0.201971660664481,51.4541012289035],[0.201337468621385,51.4538442326311],[0.201261783111479,51.4533478802054],[0.200635196123158,51.4531739218028],[0.200237813875979,51.4525576929829],[0.1997484454986,51.4527228977276],[0.199107017348611,51.4521197785067],[0.197409787918807,51.451770708499],[0.196289589365142,51.4524769274743],[0.194192540851224,51.4516456694664],[0.19385517836432,51.4519195272863],[0.193053839014512,51.4517024861412],[0.192083488328661,51.4508420327637],[0.191012191202743,51.4487877151035],[0.188830163584462,51.449103232973],[0.188460007046674,51.4485862970798],[0.187641723429873,51.4487207210733],[0.187390196804823,51.4468764502942],[0.184150370525654,51.4446431847253],[0.183567621087751,51.4447812899841],[0.182685284892229,51.4443714539108],[0.181019633009689,51.4441785290602],[0.180844628632623,51.4435261999107],[0.179579740300988,51.4430897352116],[0.17871582408613,51.4435181202129],[0.176037885170179,51.4419945427601],[0.172844869107023,51.4432871508992],[0.170902760779634,51.4412075229211],[0.170894950733084,51.4411972598933],[0.168714311257189,51.437479934911],[0.166689981205234,51.4350514472962],[0.166851115352684,51.4320720354013],[0.166095598445861,51.4314301370463],[0.166693507747771,51.4312958289564],[0.166209621321269,51.4302822616332],[0.165589765298988,51.4303485536655],[0.164216990841068,51.4285464649054],[0.163831624947885,51.4286094134048],[0.163923036810236,51.4289323775863],[0.160695336663737,51.4296745004502],[0.159837203058819,51.4292028451186],[0.15908557108841,51.4302248160291],[0.158632115920113,51.4301270795809],[0.155875040956964,51.4308765823218],[0.155300627712562,51.4289751966494],[0.153763537931545,51.4275232348062],[0.153134959839768,51.4223222784598],[0.15285124322791,51.4217033604007],[0.151158883829316,51.4204304345063],[0.154636645664461,51.4184698757219],[0.154094273164666,51.417762122408],[0.151055532853955,51.4176156515494],[0.151154246429671,51.4150633705489],[0.149159930322975,51.4124352225948],[0.149751903084588,51.4116581800973],[0.153770119500224,51.4112651350529],[0.152932433172376,51.4087084813763],[0.15159501461189,51.4086772153742],[0.149311804229133,51.4091409554938],[0.148989832047652,51.4086234290177],[0.148869410494427,51.4084291280153],[0.139180024281577,51.4115968413017],[0.132844787675707,51.4142468796356],[0.128270322936996,51.4149590715149],[0.126514242957538,51.4146755185901],[0.125434543800877,51.4147788314541],[0.119920305924758,51.413399732949],[0.11312430922989,51.4129061178123],[0.107598215900694,51.4140935215984],[0.104482870249408,51.415224732504],[0.0951282889558978,51.420083359364],[0.0892238063735615,51.4239938775848],[0.0832131044388571,51.4298686440206],[0.081162044772531,51.4306455131443],[0.0753602122612816,51.4319866512972],[0.0746680798001108,51.4321472406568],[0.0761056388234885,51.4332835467874],[0.0756920313870994,51.4336248960323],[0.0764001647655487,51.4340056824723],[0.0759019857483747,51.4344583078906],[0.076530870048154,51.4348556784978],[0.0749732031952865,51.4358667168001],[0.0765691086539887,51.4368717091147],[0.0778399150207355,51.4364424250433],[0.0784572542237592,51.4371129325016],[0.0788244236346721,51.4381392108256],[0.0808830128369601,51.4404039488604],[0.0818128139045854,51.4399683698716],[0.0844606568880198,51.4419767625547],[0.0829935572615223,51.4427335998379],[0.0830184540572312,51.4434199928126],[0.0847342237039473,51.4426034763266],[0.0863062917504783,51.4432424826286],[0.0874267537477507,51.4432843424244],[0.0863698648845979,51.4453071870787],[0.0874145751085642,51.4457471001876],[0.0881128668346332,51.4472554524628],[0.0878718634483258,51.4487035547974],[0.0868550701363671,51.4504346218445],[0.0857320427395333,51.4564506453035],[0.0815043620614526,51.4577527978644],[0.0788814406827624,51.4591287213051],[0.0786718506013547,51.4592901236371],[0.0829421262209515,51.4598295036605],[0.0822559652975657,51.4611312727652],[0.0826285401433043,51.4635844339785],[0.0821338303912459,51.4647607125054],[0.0823130742087601,51.4666413145272],[0.0832384141381482,51.4664770003696],[0.0848085180654865,51.4687299511682],[0.0870533330425957,51.4699702373662],[0.0891258111653671,51.4704543037607],[0.0913142137341769,51.4720709518266],[0.0931999206249991,51.4729540359995],[0.094484336193004,51.4732681441969],[0.0965751296281432,51.4732538424674],[0.098244270803385,51.4754524202916],[0.100257019805275,51.4752278843728],[0.102005022359293,51.4744637985367],[0.102507532877671,51.4749165152861],[0.103352122161261,51.4745859415392],[0.104903742646542,51.4755276783531],[0.105202815614107,51.4752376948254],[0.105654772306221,51.4754573516802],[0.106176221247785,51.4750163097372],[0.108189975969121,51.4761168059008],[0.111985588823406,51.4730724330008],[0.112477040296167,51.4734210167884],[0.114011353800994,51.4751703356304],[0.115509656416705,51.4761681506449],[0.118471348826992,51.4789031345707],[0.120899831917502,51.4784542999114],[0.124191087369442,51.4768490185508],[0.122044684713817,51.4829947438692],[0.121296819006836,51.4911032180979],[0.120975422868598,51.5008002956174],[0.120527379275315,51.5110987128141],[0.120216178431184,51.5114473797867],[0.120222238402063,51.5114485508149],[0.125051166702628,51.5129919989413],[0.128940175238202,51.5132173069551],[0.132223291811855,51.5122718240935]]]]},"properties":{"LAD24CD":"E09000004","LAD24NM":"Bexley"}},{"type":"Feature","geometry":{"type":"Polygon","coordinates":[[[-0.262333745701053,51.5963478450022],[-0.259777012154832,51.5941939123848],[-0.257547662243722,51.5921754379781],[-0.252944572702507,51.5889007418455],[-0.249504913988761,51.5855660890009],[-0.248234179694855,51.584313731365],[-0.25172870822786,51.5833759019946],[-0.254264459518889,51.5816690128647],[-0.254544563548069,51.5797719799541],[-0.252679244398852,51.5751435315178],[-0.251265214614301,51.573153614389],[-0.253052793820057,51.5723953037577],[-0.252514167958524,51.5715182820141],[-0.249330575691951,51.5688702092294],[-0.248565277964657,51.568511192703],[-0.247001614371345,51.5686189206943],[-0.247361599809296,51.5689572570143],[-0.246541017432054,51.5690348799229],[-0.246071573779433,51.5698077425801],[-0.2465495696977,51.5700241363864],[-0.245966343869141,51.5710081899046],[-0.246733635777421,51.5715883437269],[-0.245962667620594,51.5722162830064],[-0.245216880099671,51.5719169539562],[-0.244199171346344,51.5725844949299],[-0.243895903081476,51.5723063566544],[-0.242428363346831,51.5725004689964],[-0.242452565757022,51.5728158281403],[-0.241374431492776,51.5727190298065],[-0.241131123645669,51.5721297965471],[-0.240049870738549,51.5723821694728],[-0.240010090011367,51.5720945098876],[-0.238849228716783,51.5722376336851],[-0.237990483250151,51.5717772883698],[-0.238159982366927,51.5720711822462],[-0.23761156579389,51.5724660643853],[-0.235858759997574,51.572297822461],[-0.235479758486623,51.5725473961937],[-0.235668614335251,51.5723099765516],[-0.234560992285474,51.5717735314209],[-0.233417227576263,51.5719829575028],[-0.232249098463514,51.5709594362986],[-0.228794004019311,51.5679708755235],[-0.225464942627918,51.5658676174004],[-0.220660399305213,51.5616640860005],[-0.218498233039517,51.5593360552021],[-0.213486677002519,51.5551909320072],[-0.203700949695321,51.546962393829],[-0.203502884364712,51.5467760309005],[-0.203432400717816,51.5467093065561],[-0.201918606288312,51.5452841744629],[-0.191467608561554,51.5362923581516],[-0.193016132577393,51.5339498423501],[-0.192347014575535,51.5332608562808],[-0.192997934912252,51.5319835606484],[-0.196479321959949,51.5276386356437],[-0.197339740607098,51.5278926212151],[-0.197801829405802,51.5278996092171],[-0.198174940299363,51.5304179662177],[-0.201079967472329,51.5319058552281],[-0.20167541569191,51.5325599953252],[-0.203013026994402,51.5328955541319],[-0.203061890380871,51.5328950499127],[-0.207814035554874,51.5327920069384],[-0.211186423402787,51.5319254415319],[-0.215266647764194,51.5313605595917],[-0.21510696879434,51.5301701760195],[-0.215855751894516,51.5297523895113],[-0.216020723983129,51.527920360249],[-0.217791000545462,51.5286004244015],[-0.223728265491944,51.5299467910539],[-0.225433971441795,51.5301603013706],[-0.227659506765089,51.5299143220922],[-0.22756201378156,51.5301545992211],[-0.228440758153743,51.5303191562848],[-0.230717348005316,51.5308699832446],[-0.233821247474086,51.5323311149968],[-0.234409495958749,51.5326382748266],[-0.237528634817977,51.5320050192192],[-0.243236010560196,51.5317648407112],[-0.246281570983423,51.5327375094287],[-0.247265526070007,51.5334898604141],[-0.250752237107332,51.5341474327513],[-0.250877874536536,51.5338795038135],[-0.255644957835788,51.5339789818253],[-0.255985074110447,51.5339498847426],[-0.256545918476375,51.534966293135],[-0.257740996366156,51.5353673129947],[-0.260353373764622,51.5344927683548],[-0.263318394674117,51.532668462386],[-0.264760943844658,51.5321584411088],[-0.264866861432509,51.5315716347991],[-0.266251288494755,51.5306871995155],[-0.26857417728811,51.5298226824246],[-0.269680388783758,51.5300016095786],[-0.270271216631839,51.5297667061379],[-0.27044563007722,51.5300465950476],[-0.274570643111017,51.5295586312287],[-0.279224530348024,51.5287808158383],[-0.280371852466567,51.5283467926226],[-0.282957482400945,51.5288459055948],[-0.285725746983936,51.5291719727384],[-0.289382581578878,51.5316828392574],[-0.284012385062602,51.533531618032],[-0.283479177993753,51.532807957272],[-0.281484072796813,51.5332309745889],[-0.280959450006156,51.532588143272],[-0.278964094642898,51.533227502427],[-0.278485381698495,51.5345832585928],[-0.278116622846963,51.5345507290072],[-0.277769393804216,51.5350715115487],[-0.281817393753696,51.5381067343739],[-0.282457376588103,51.538648675971],[-0.28662990656124,51.5367840352196],[-0.293396270410537,51.53492804946],[-0.295165606298529,51.5348771541108],[-0.295755469146931,51.5352911906736],[-0.29644758037209,51.5352586922184],[-0.299852310864077,51.5330823607187],[-0.302704988863715,51.5319865304008],[-0.307453582279767,51.5330870579547],[-0.306264604133883,51.5341769899795],[-0.305948608561015,51.5393669337997],[-0.30471803763841,51.5398588717779],[-0.308517711348242,51.5431986987867],[-0.30798663079506,51.5444140809335],[-0.308875232096934,51.5452073379745],[-0.30711297450527,51.545329830657],[-0.308646363923526,51.5464674082677],[-0.311479130831358,51.547566184305],[-0.312526297881848,51.5490280860186],[-0.317660624976379,51.5515685225484],[-0.327006121250583,51.5550308121375],[-0.335555531666752,51.5565568991247],[-0.334857082126507,51.5578663736655],[-0.333930197310544,51.5576981983501],[-0.334034842324087,51.5587546615113],[-0.331264837354128,51.5614142883584],[-0.330042382729355,51.56223139636],[-0.328237078551993,51.5625405944302],[-0.328672097370254,51.5659749832872],[-0.329689402526453,51.5661927201849],[-0.329849338123979,51.5671282180051],[-0.325051402557729,51.5682592364745],[-0.325216392497237,51.5684573233946],[-0.322148244821014,51.5696770562365],[-0.324804688150537,51.5733143209826],[-0.325352451810086,51.5759356317709],[-0.326587520367022,51.5782900161725],[-0.326634185132864,51.5786006729965],[-0.320199754188027,51.580374892141],[-0.317025089189847,51.5820750914636],[-0.31253249193528,51.5844525800964],[-0.30678464014985,51.5865154366199],[-0.304696795432772,51.5870525523909],[-0.301447504787293,51.5872714884355],[-0.28245801200774,51.5850516639016],[-0.282333959135817,51.5858399131051],[-0.284197440660582,51.5904955376009],[-0.28563943939032,51.5918967295564],[-0.288934236464643,51.592821195592],[-0.290405901610672,51.5935438008452],[-0.287051822242211,51.5945628319685],[-0.286248533176676,51.5949363412211],[-0.285774999335346,51.594728702117],[-0.285568620796434,51.5952106859021],[-0.283353330016794,51.5957428255378],[-0.276510294245565,51.5965099187427],[-0.276964355852371,51.5969372657706],[-0.273067314998928,51.5983866996635],[-0.270988838732912,51.598384004519],[-0.267113115479641,51.6003719676663],[-0.262333745701053,51.5963478450022]]]},"properties":{"LAD24CD":"E09000005","LAD24NM":"Brent"}},{"type":"Feature","geometry":{"type":"Polygon","coordinates":[[[0.0451373738549074,51.4362381419632],[0.0479982652794131,51.4336000142751],[0.0510577569492854,51.4315251354327],[0.0544324453067392,51.4279331018075],[0.058207379616515,51.424871507086],[0.0585990620550009,51.4245946509163],[0.0610068482120784,51.4250818938612],[0.061705411141948,51.4237003699288],[0.063138160633435,51.4241350470725],[0.0644616964566987,51.4250338737452],[0.0641569329319799,51.4253335742102],[0.0665810085079252,51.426008501912],[0.066619033298759,51.4265034951243],[0.0717008090370033,51.4294426375043],[0.0734763749362372,51.4312492360693],[0.0730791287240753,51.4313550444841],[0.0733554844347398,51.4317607496446],[0.0743742677066567,51.4314615776957],[0.0748608669272029,51.430814414725],[0.0753602122612816,51.4319866512972],[0.081162044772531,51.4306455131443],[0.0832131044388571,51.4298686440206],[0.0892238063735615,51.4239938775848],[0.0951282889558978,51.420083359364],[0.104482870249408,51.415224732504],[0.107598215900694,51.4140935215984],[0.11312430922989,51.4129061178123],[0.119920305924758,51.413399732949],[0.125434543800877,51.4147788314541],[0.126514242957538,51.4146755185901],[0.128270322936996,51.4149590715149],[0.132844787675707,51.4142468796356],[0.139180024281577,51.4115968413017],[0.148869410494427,51.4084291280153],[0.148692037924609,51.40813072609],[0.151099873547956,51.4066422209189],[0.152822362211358,51.406273349667],[0.155249223060631,51.403971471368],[0.154967101370069,51.4036592047412],[0.155513813492239,51.4035753342718],[0.156434915160349,51.4024936275961],[0.157360886960557,51.4007832009953],[0.157728504821358,51.3981469408994],[0.15898031715939,51.3958209221734],[0.162384150043184,51.3924903020233],[0.161313218509312,51.3923697289646],[0.158274087234553,51.392239571358],[0.147741030714359,51.3928010018088],[0.147725411546702,51.3926115069107],[0.147534011759946,51.3921564371017],[0.149835516801163,51.3908723392132],[0.148654257106024,51.3886683447266],[0.149416668543724,51.3878548698143],[0.148901776858004,51.3875720512327],[0.150458880089113,51.3860183050993],[0.149992073003474,51.3858407817212],[0.149800010647929,51.384870413528],[0.14978694337582,51.383671014046],[0.1504662276734,51.3834471771525],[0.150373220455583,51.3810927996719],[0.149608570969833,51.3810896743837],[0.149613395331933,51.3800895966097],[0.151133428458859,51.3798962450672],[0.150974687631566,51.3790852711498],[0.152353002831715,51.3786903346129],[0.152189840663178,51.3783363300086],[0.153236329516732,51.3780364878942],[0.152537091460999,51.3752300674095],[0.151736259913966,51.3754363901519],[0.149600418363283,51.3735826165493],[0.150833863953741,51.372920535203],[0.151206211688976,51.3721869824116],[0.150126949996477,51.3701573480723],[0.152057738933261,51.3696937046945],[0.151619790687987,51.3683788953343],[0.15102520620421,51.3683224044891],[0.14943809752995,51.3691628030033],[0.148876541579436,51.3681235697647],[0.147280235929356,51.3670144128618],[0.148347764670005,51.3663715854668],[0.145048581649698,51.3628510020409],[0.145391447302289,51.3625029806441],[0.144501081888826,51.3610614882118],[0.144562772120168,51.3606907547363],[0.145389434623396,51.3603374566939],[0.144848184887938,51.3584354468664],[0.145895465831357,51.3582246423065],[0.145653989302214,51.357205673232],[0.145114129801566,51.3557641350487],[0.144046448987299,51.3548619104994],[0.143631409872123,51.3530178156493],[0.143140256627824,51.353049295053],[0.14287646719203,51.3526593527131],[0.142620096764069,51.3507349365536],[0.140984260727744,51.3501461682764],[0.141287335694189,51.3497791046126],[0.138713674263771,51.3475248772886],[0.139493083928417,51.3473001469882],[0.139441007864851,51.3469827409982],[0.138268142466788,51.3470852016366],[0.137196519337772,51.3458718178742],[0.136200008773888,51.3459367796655],[0.137109322020355,51.3448013667075],[0.136958108456318,51.3441746048812],[0.131777238907734,51.345506650773],[0.13166943231213,51.3451938532569],[0.125212858821697,51.3458679992744],[0.122239054316718,51.3446575211335],[0.119184939635519,51.3442568788526],[0.118456303441167,51.3441477823276],[0.117586555709123,51.3431293210566],[0.117232135018048,51.3431636052299],[0.116681193882858,51.3413029568945],[0.117283071789783,51.3397811697842],[0.118471159205407,51.3399818314878],[0.119014273423943,51.3386841620574],[0.118299419628428,51.3384048133111],[0.120011217788937,51.3347395708271],[0.121684470163769,51.3336363840804],[0.120245865693021,51.3321371674192],[0.117892043251494,51.3306212296508],[0.117900333226097,51.3296471000251],[0.117335519577023,51.3294991376597],[0.116642051900668,51.3300035166029],[0.115743623115838,51.3295071046087],[0.114211168787908,51.3273980424524],[0.110153852634024,51.3280359620394],[0.109758939055737,51.3266842124749],[0.107238030363858,51.327523776073],[0.104901955924784,51.3274128714118],[0.103240995455827,51.325995660895],[0.10079217321131,51.325585509723],[0.100176329752613,51.3240721719973],[0.0961800798539354,51.3212929090955],[0.0927773433699254,51.3198114203268],[0.0877852644920879,51.3183123352958],[0.0868217080648942,51.3171927190506],[0.085029299988601,51.3160232043694],[0.0856418374148572,51.314784673654],[0.0850705741203279,51.3125986403582],[0.0835718633697792,51.3105280128796],[0.0847484731492695,51.3083459187934],[0.0840864874549745,51.3080492254433],[0.0848779665446791,51.3060448979735],[0.082816241205083,51.3056336671468],[0.0854325099179728,51.3025194710004],[0.0862109749961518,51.3001738242831],[0.0893955033005165,51.2977640564922],[0.0911847888458517,51.2968273660512],[0.0892618349718778,51.2960864115982],[0.085693083414603,51.2930842265565],[0.0815802563673946,51.2918353217511],[0.0733684837982877,51.2916051448703],[0.0675634597094704,51.2903831123557],[0.0585102283767922,51.2893537127693],[0.0560503275414129,51.2923953756597],[0.0543899860219841,51.292089076147],[0.0507898934821101,51.2939868826178],[0.0484960700012348,51.2937221626554],[0.045731670558208,51.2940042653236],[0.0447671025569696,51.2930866934677],[0.042396497430127,51.2926730467214],[0.043313107400155,51.2965817568735],[0.0442984953391162,51.2985809410559],[0.0430931266591081,51.2990543143748],[0.0426202011598456,51.3013288984705],[0.0415431058799972,51.3029800731629],[0.0409175801095702,51.3027211628035],[0.036336788657453,51.3058632213416],[0.0329094179322316,51.3075209105802],[0.0302816512139515,51.305558218108],[0.0279778082496254,51.3046853037826],[0.0248391363668915,51.3021549341521],[0.0235992555137935,51.2997040622338],[0.0209530803467686,51.2967783788473],[0.0208741483369875,51.2955719083739],[0.0191012463355629,51.2916841001949],[0.0150093784679093,51.2917860691426],[0.012142972058002,51.2996161804857],[0.0083863741071487,51.3105614824805],[0.0103537519124359,51.3161463481737],[0.00659758583732605,51.315684844092],[0.00554559304013832,51.3184440613791],[0.00487026651167884,51.3220763210909],[0.00225531192400326,51.3291348341144],[0.00217310622527444,51.3297782735678],[0.00293990700112435,51.3304089058902],[0.00331330491656985,51.3321550411574],[0.000863843200219271,51.333602270096],[-0.00296005106078021,51.3455193471465],[-0.0046168763978654,51.3495931001297],[-0.00530868641023257,51.352575183114],[-0.00856060861777685,51.3557578817678],[-0.0117681703701659,51.3572474089419],[-0.0131459417229478,51.3572306385112],[-0.0155583144538713,51.358812747421],[-0.018288914449901,51.3612363852467],[-0.0188765779467458,51.3627413833701],[-0.0197802788663454,51.3636334952996],[-0.0222717369657295,51.3658834741109],[-0.0235677322157281,51.3652909201202],[-0.0244605034214293,51.3667679474334],[-0.0231037269043025,51.3670170236742],[-0.0235916990756528,51.3722274221568],[-0.0261138156196328,51.3764892919589],[-0.026766677936386,51.3793759336133],[-0.027973693923831,51.3793630818639],[-0.0283467282721993,51.3781027146664],[-0.029815870667155,51.3773380434953],[-0.0367788113098979,51.3769964364228],[-0.0363596966887441,51.3790103845526],[-0.0369576751059886,51.3789624935425],[-0.0378415930353166,51.3832670368523],[-0.0365234986870309,51.38843153651],[-0.042816349478764,51.3894626048768],[-0.0449204838563677,51.3906984105557],[-0.0461682620355159,51.3920174794703],[-0.0468157320844139,51.39183896984],[-0.048056018265539,51.3931427353717],[-0.051247886020554,51.3934711577797],[-0.0517023865236692,51.3939958640706],[-0.0524254790889279,51.3941540300181],[-0.0525889976409181,51.3946175215932],[-0.0534729714457052,51.3949150717574],[-0.0510185624639481,51.3969865011452],[-0.0504187676092557,51.398013082051],[-0.0508163831964328,51.3976521179692],[-0.0521074396135546,51.3982590123017],[-0.0506084251844932,51.3995241821146],[-0.0529307195909509,51.4014365310859],[-0.0567866848897775,51.4005301053099],[-0.0594150665453461,51.3992306134785],[-0.0605296513058756,51.3991385066029],[-0.0601404315942438,51.3995651923732],[-0.062219878291123,51.4015482687073],[-0.0637582605341894,51.4015688535819],[-0.0646174184148432,51.4017218877439],[-0.0644795420598056,51.4020368345026],[-0.0665026050480732,51.4026322514224],[-0.0685708572128457,51.4038405821912],[-0.0699610872622177,51.4060023993515],[-0.0728350019814338,51.4084856960793],[-0.0735223498643713,51.4105622795678],[-0.0727426549819491,51.4126894331681],[-0.0751490282839191,51.4135416231045],[-0.0764832606384632,51.4144269259744],[-0.0803676225392939,51.4155410858529],[-0.0807601504632539,51.4160442314055],[-0.0810832477315995,51.4173050772808],[-0.0785573671724678,51.4198742113104],[-0.0782876818800692,51.4206047134332],[-0.075041494918316,51.4256269552702],[-0.0739072700998478,51.4262129230519],[-0.0718419228589011,51.4262948973868],[-0.071360984435045,51.4261861509196],[-0.0705780617612074,51.4260091171492],[-0.0689016985921757,51.4256300363788],[-0.068657750218593,51.4259934129505],[-0.0678855135102045,51.4259251179392],[-0.0660220345129476,51.4250749014908],[-0.065808619537808,51.4253309193119],[-0.0645526015024275,51.4250575816414],[-0.064408355402573,51.4253194465508],[-0.0624044250231535,51.4251548720109],[-0.0614261433966676,51.4247982730524],[-0.06140523705687,51.4244708967823],[-0.0580990350983122,51.423172425639],[-0.056754945213068,51.4229649755297],[-0.0551364357776998,51.4229427352268],[-0.0547373590163699,51.4237258262227],[-0.0518015270069943,51.4235698906574],[-0.0517477652428016,51.4225165840275],[-0.0459922871092901,51.4227953666963],[-0.0462509650910986,51.4223749277727],[-0.043675612608226,51.4228926943939],[-0.0438103700415862,51.4231537413223],[-0.0415717291874904,51.4236522669631],[-0.0409974185545062,51.4242626757284],[-0.0398933345657801,51.4242587416809],[-0.0384532218047878,51.4239568029306],[-0.0374699176018423,51.4249815779359],[-0.0341952212379078,51.4251103168661],[-0.0342129166246291,51.4247543686853],[-0.0333491094397238,51.4246347090506],[-0.0317939374540938,51.4247101949598],[-0.0319713560401927,51.4255360553977],[-0.0300807513677304,51.4256454570257],[-0.0259632583885065,51.4236116271696],[-0.0257692413675084,51.423752821511],[-0.0243399322743142,51.4231168044783],[-0.0225743200292635,51.4215570608153],[-0.0222423203464996,51.4217756784579],[-0.0209977986254506,51.4209758444739],[-0.0216490690366511,51.4204423097246],[-0.0207589451257421,51.4199461836916],[-0.0213961759115285,51.4183422427735],[-0.0225581773888126,51.4175643504741],[-0.0216973959807324,51.4172786966653],[-0.0221735607977741,51.4167415236853],[-0.0209993354329241,51.4160242456186],[-0.0177978306390434,51.4157441609864],[-0.017966540008741,51.415056158855],[-0.0142744975798534,51.4151606111854],[-0.014537950086498,51.4139308854569],[-0.0142395133496907,51.4136495837442],[-0.0103120802634173,51.4135777931192],[-0.00766377534118279,51.4144768015084],[-0.00659141680301312,51.4146634789869],[-0.00655318395763969,51.4159786230315],[-0.00558318053051008,51.4158200455074],[-0.00496686130772624,51.4145997379512],[-0.00328031514424544,51.4150356399851],[-0.00339120527429833,51.4156507876673],[-0.000728858659658685,51.4159071040057],[-0.00011878381467096,51.4175752434702],[0.00174313595146555,51.4185857381133],[0.00353378449123313,51.4174273997205],[0.00567116966968201,51.4185263247855],[0.00521636463190118,51.4193557767875],[0.00630888368293852,51.4210304548135],[0.00672887722036617,51.4209448134712],[0.00686339962431191,51.4215033116033],[0.00738872244680153,51.4214024543418],[0.00810602289257671,51.4230395335701],[0.00998225862597015,51.4224818400034],[0.0118829756780977,51.4240857562533],[0.0133655552795217,51.4246818824287],[0.0135386525294386,51.425101516446],[0.0144184086624775,51.4252154309812],[0.0141201354193554,51.4261747028362],[0.0159812105535719,51.4261895230892],[0.0187479586474092,51.4270578104122],[0.0204048414372096,51.4268748332647],[0.0212186600978964,51.4268625251178],[0.0254589773282689,51.4289732417637],[0.0346044857188036,51.4234046244907],[0.0362309484282266,51.4223885140808],[0.0390555787500603,51.4246879404062],[0.0384741382163893,51.4275840077239],[0.0378445350719437,51.427800773684],[0.0383647624848872,51.4282811415438],[0.0375398608009512,51.4313675894027],[0.0377087774085951,51.4333410387482],[0.0337366350997447,51.4316951667097],[0.0332558143211568,51.4322311902895],[0.0324942985930411,51.4318905412518],[0.0316072410423553,51.432555315787],[0.0311591636397298,51.4320941993593],[0.031405191625893,51.4325834613578],[0.0285927612732282,51.4340338029563],[0.0290867149931715,51.4346743981769],[0.0286870134965295,51.436409692561],[0.0271814832674273,51.4365271656674],[0.0254358311388247,51.4356667260841],[0.0247822362079625,51.4382077631343],[0.0288159175701294,51.4387721967007],[0.0285929620355544,51.4404038418144],[0.0293788155005801,51.44170541883],[0.0305494500791162,51.4443279474772],[0.0335031134603594,51.4435819481354],[0.0355264586755549,51.4424691041279],[0.0397548572287247,51.4409808588286],[0.0421706062993695,51.4394898196101],[0.0433359828661426,51.437749020276],[0.0451907420308381,51.436601402195],[0.0451373738549074,51.4362381419632]]]},"properties":{"LAD24CD":"E09000006","LAD24NM":"Bromley"}},{"type":"Feature","geometry":{"type":"Polygon","coordinates":[[[-0.167287288028304,51.5729628327758],[-0.164539988212205,51.5725005383324],[-0.160476747192304,51.572779358856],[-0.157735978505448,51.5720509798223],[-0.150146318151361,51.5715539250106],[-0.148682546469594,51.5709359166883],[-0.144381825926643,51.5700843782747],[-0.14239561120072,51.5691060019668],[-0.140627152838409,51.5644594268705],[-0.141034701474325,51.5605000342293],[-0.139426987011815,51.5582422238847],[-0.138419158853717,51.5568681617549],[-0.136987309045876,51.5552616232106],[-0.135303748671231,51.5546384450454],[-0.134082277774744,51.553389821638],[-0.130991514299285,51.5514832598498],[-0.13072064597366,51.5506724836091],[-0.130127780258333,51.5496117309969],[-0.12910281703075,51.5488366021527],[-0.127079037829745,51.547530197181],[-0.126357378664673,51.5450585963287],[-0.125064221994798,51.5411429771105],[-0.122399839076584,51.5370495791388],[-0.122563726204788,51.5307531134212],[-0.119838911111641,51.5309471835389],[-0.115925682086207,51.5298315597524],[-0.115451101817419,51.527757860393],[-0.11291918547122,51.5264088150684],[-0.114229005936754,51.5254825584562],[-0.113627431450157,51.5245663896952],[-0.11236382231395,51.5237161188056],[-0.10896954375494,51.5230198929364],[-0.108238180531229,51.5220870237213],[-0.10700150504442,51.5221837513426],[-0.105290341558648,51.5185548578323],[-0.10781920575416,51.5177660375894],[-0.113803703413632,51.5182579357095],[-0.111567824442113,51.5153350290831],[-0.113825664039223,51.5148236727585],[-0.114694811598885,51.5160264746857],[-0.119451253170614,51.5145022552862],[-0.121796317287431,51.5148688986258],[-0.12206608989202,51.514615206955],[-0.122853761042668,51.5151401988454],[-0.127169746226547,51.512705102455],[-0.127646380675082,51.5126789292831],[-0.128949099459364,51.5134147753338],[-0.129610815866559,51.5139988087359],[-0.130326509997426,51.5164195906224],[-0.130782502682123,51.5170819805722],[-0.132516418534426,51.5166730885835],[-0.132406111775616,51.5171171634979],[-0.133531598252919,51.5176972858276],[-0.134006210429943,51.5175472512074],[-0.13520781378243,51.518929715323],[-0.135797668689083,51.5186853550004],[-0.136278097237986,51.5191571733866],[-0.136961309094795,51.5188866189792],[-0.142844961598762,51.5238676797066],[-0.143544818600121,51.5239659654064],[-0.143384543178008,51.5245483930348],[-0.143986909810925,51.5246782216528],[-0.14408751434632,51.5239975294581],[-0.145205616696418,51.5239889702526],[-0.145764043772245,51.5252668132184],[-0.147123640879697,51.5250347421722],[-0.152701824938766,51.5375095403736],[-0.159351924771759,51.5363396423738],[-0.160396596135671,51.5372985101376],[-0.164898867211156,51.5357846395308],[-0.169447390913976,51.5385935575131],[-0.170876388503664,51.5377782480577],[-0.171934140702352,51.5384038512207],[-0.173476990559195,51.5376463903178],[-0.174128478544183,51.5382616885941],[-0.173911770601983,51.5394732192807],[-0.175765524440825,51.5396167232221],[-0.178343045457858,51.5398080687385],[-0.180114010393227,51.5395649957935],[-0.184160670423868,51.5382285733756],[-0.187821656046345,51.5349639435007],[-0.188722649361543,51.5345305083697],[-0.191467608561554,51.5362923581516],[-0.201918606288312,51.5452841744629],[-0.203432400717816,51.5467093065561],[-0.203502884364712,51.5467760309005],[-0.203700949695321,51.546962393829],[-0.213486677002519,51.5551909320072],[-0.210010591854248,51.5567513766401],[-0.208837483626681,51.5557255339253],[-0.205967497609692,51.5564303217547],[-0.205779562107332,51.5553185777453],[-0.199371628065116,51.5561900321567],[-0.199511261882767,51.5570754654092],[-0.198306945833702,51.5588578861973],[-0.197910579489715,51.5591298797885],[-0.197499322530845,51.5588659129735],[-0.196774850407015,51.5591546246789],[-0.196725787066427,51.5606974770002],[-0.194826941676313,51.5604838788513],[-0.192289418180666,51.5615566869237],[-0.19112299287364,51.5616561051806],[-0.190346428902951,51.5628715392504],[-0.189645232895486,51.5652165176056],[-0.187142764903119,51.5661555980591],[-0.18614246183503,51.5669234004508],[-0.183760636968241,51.5674682840095],[-0.183387915108403,51.5677676191287],[-0.183672475063841,51.5679568460881],[-0.182112167413734,51.5687260199578],[-0.180817586719776,51.569404503649],[-0.180986768865558,51.5696729187715],[-0.178303613645725,51.5700169140142],[-0.178121993180716,51.5705126675905],[-0.174381521111108,51.5692561535884],[-0.17371380158551,51.5699027883253],[-0.173376244818278,51.5710873088436],[-0.17123183297214,51.5724182505535],[-0.167287288028304,51.5729628327758]]]},"properties":{"LAD24CD":"E09000007","LAD24NM":"Camden"}},{"type":"Feature","geometry":{"type":"Polygon","coordinates":[[[-0.109259088108701,51.4231778555421],[-0.105962230700077,51.422594331324],[-0.0968830730116808,51.422670080871],[-0.0948627058798435,51.4228202079837],[-0.0927019705679706,51.422553813843],[-0.0883375023055021,51.4200054964254],[-0.0862834570475534,51.4192837300297],[-0.0832183317756419,51.4197398396531],[-0.0785573671724678,51.4198742113104],[-0.0810832477315995,51.4173050772808],[-0.0807601504632539,51.4160442314055],[-0.0803676225392939,51.4155410858529],[-0.0764832606384632,51.4144269259744],[-0.0751490282839191,51.4135416231045],[-0.0727426549819491,51.4126894331681],[-0.0735223498643713,51.4105622795678],[-0.0728350019814338,51.4084856960793],[-0.0699610872622177,51.4060023993515],[-0.0685708572128457,51.4038405821912],[-0.0665026050480732,51.4026322514224],[-0.0644795420598056,51.4020368345026],[-0.0646174184148432,51.4017218877439],[-0.0637582605341894,51.4015688535819],[-0.062219878291123,51.4015482687073],[-0.0601404315942438,51.3995651923732],[-0.0605296513058756,51.3991385066029],[-0.0594150665453461,51.3992306134785],[-0.0567866848897775,51.4005301053099],[-0.0529307195909509,51.4014365310859],[-0.0506084251844932,51.3995241821146],[-0.0521074396135546,51.3982590123017],[-0.0508163831964328,51.3976521179692],[-0.0504187676092557,51.398013082051],[-0.0510185624639481,51.3969865011452],[-0.0534729714457052,51.3949150717574],[-0.0525889976409181,51.3946175215932],[-0.0524254790889279,51.3941540300181],[-0.0517023865236692,51.3939958640706],[-0.051247886020554,51.3934711577797],[-0.048056018265539,51.3931427353717],[-0.0468157320844139,51.39183896984],[-0.0461682620355159,51.3920174794703],[-0.0449204838563677,51.3906984105557],[-0.042816349478764,51.3894626048768],[-0.0365234986870309,51.38843153651],[-0.0378415930353166,51.3832670368523],[-0.0369576751059886,51.3789624935425],[-0.0363596966887441,51.3790103845526],[-0.0367788113098979,51.3769964364228],[-0.029815870667155,51.3773380434953],[-0.0283467282721993,51.3781027146664],[-0.027973693923831,51.3793630818639],[-0.026766677936386,51.3793759336133],[-0.0261138156196328,51.3764892919589],[-0.0235916990756528,51.3722274221568],[-0.0231037269043025,51.3670170236742],[-0.0244605034214293,51.3667679474334],[-0.0235677322157281,51.3652909201202],[-0.0222717369657295,51.3658834741109],[-0.0197802788663454,51.3636334952996],[-0.0188765779467458,51.3627413833701],[-0.018288914449901,51.3612363852467],[-0.0155583144538713,51.358812747421],[-0.0131459417229478,51.3572306385112],[-0.0117681703701659,51.3572474089419],[-0.00856060861777685,51.3557578817678],[-0.00530868641023257,51.352575183114],[-0.0046168763978654,51.3495931001297],[-0.00296005106078021,51.3455193471465],[0.000863843200219271,51.333602270096],[0.00331330491656985,51.3321550411574],[0.00293990700112435,51.3304089058902],[0.00217310622527444,51.3297782735678],[0.00225531192400326,51.3291348341144],[-0.000502893170893699,51.3287783752273],[-0.0016766119106944,51.3303073996888],[-0.00720909941461687,51.333387277101],[-0.00712773690809125,51.3337397568887],[-0.00966068479460691,51.333928422358],[-0.0109465685443747,51.3336758689104],[-0.0107257592320447,51.3330832448433],[-0.011902236908005,51.3329542582103],[-0.0136397836490252,51.3315313316495],[-0.0143165119704134,51.3297720937777],[-0.0160370020222855,51.3320516603212],[-0.0172384451662422,51.3329878819595],[-0.0178602411855992,51.3330172703679],[-0.0205876779541893,51.3372025650661],[-0.0221501774469841,51.3381308553426],[-0.0261297138796831,51.3385458518662],[-0.0307789356958282,51.3374719580026],[-0.0328216320984631,51.3374153739898],[-0.0345088897744457,51.3380830268533],[-0.0379200854497904,51.3387247432932],[-0.0396451976470365,51.3374766353363],[-0.0419864586902761,51.3338601719349],[-0.0466062190774591,51.3335384641232],[-0.0484893587285508,51.332801846244],[-0.0502771342165054,51.3326378099393],[-0.0500722010137758,51.3320525226677],[-0.0510419576777548,51.3315938660758],[-0.0510808812069827,51.3308453330814],[-0.0487492772356188,51.3287184154723],[-0.0490698612265602,51.3286076827904],[-0.0478280290375267,51.3265096849645],[-0.0478687395913028,51.325245055609],[-0.0497654319543468,51.3252667054042],[-0.0512667375285135,51.3234382192473],[-0.0513072247610965,51.3224522765565],[-0.0525310338599882,51.3224193819952],[-0.0548640234280373,51.3212803579224],[-0.0562065262172618,51.3216821760405],[-0.0583924286801603,51.320382979344],[-0.060657578918395,51.3200643938012],[-0.0620788830381925,51.3192002875183],[-0.0639861428900236,51.3186400209383],[-0.0700673510740452,51.3189000394562],[-0.0710197825080979,51.3212238304455],[-0.0749396545329708,51.3202370588817],[-0.0789130205771895,51.3197699387298],[-0.0788349893385552,51.3180977303735],[-0.0801788646251962,51.3178418894934],[-0.0815041851506127,51.316722387389],[-0.0822366281125533,51.3169465368356],[-0.0836619006075646,51.3166506664406],[-0.0835913056187428,51.3163824905791],[-0.0848023381014901,51.3158671889225],[-0.0818930192421521,51.3126090268851],[-0.0819316756913801,51.3106472885362],[-0.0867609877754822,51.3087945994286],[-0.0882493978414383,51.3077456000331],[-0.0888250653614742,51.3072185497449],[-0.0886976450324238,51.305146546036],[-0.0896874672871807,51.303963253578],[-0.090726245636363,51.3039445328675],[-0.0911716230400733,51.3033916850636],[-0.0912237418672903,51.3014752290573],[-0.09481825344748,51.3006214422121],[-0.0959978973409345,51.3015142960073],[-0.097336203946918,51.3011012441919],[-0.097396361070515,51.3003849032817],[-0.0957756303983618,51.2996015284065],[-0.0942762227753214,51.2994385910081],[-0.100545018139535,51.2964478208544],[-0.102637380902686,51.2960069654917],[-0.111052160513274,51.2922526241638],[-0.114734430476013,51.2924513742907],[-0.114553242273446,51.291553681938],[-0.1154942632089,51.2911659532566],[-0.115805363546077,51.2906448857013],[-0.116939969218837,51.2894877897611],[-0.117787425992582,51.287182022292],[-0.124301850029936,51.2867904031611],[-0.126049064187005,51.2884031220565],[-0.126334941616266,51.2896642336475],[-0.130288175940541,51.2928888338468],[-0.131330311011781,51.2946245927381],[-0.131041131226239,51.2954758158966],[-0.134356098974276,51.2983755448969],[-0.136167490809853,51.2982789235295],[-0.137213219898507,51.3007415602643],[-0.140864570872737,51.2995755542449],[-0.142838994720194,51.3000250195634],[-0.143577997575923,51.301244557504],[-0.144422911498295,51.3005411882962],[-0.144852109926054,51.3007125936525],[-0.145625132209915,51.2998282510668],[-0.148451766086654,51.3007038056482],[-0.149496204705973,51.3007005254182],[-0.149814608176425,51.3002038176284],[-0.151023184109817,51.3007219312497],[-0.1533605098568,51.3016778657492],[-0.155317700345265,51.3012743937466],[-0.156684009548237,51.3035890116137],[-0.157735020247375,51.30442750946],[-0.15502334068093,51.3057912509809],[-0.154509145189696,51.3064486021536],[-0.156415768237732,51.306452545273],[-0.157163054818694,51.3067089208359],[-0.154315337506222,51.3103178955937],[-0.156228082869366,51.3104208251244],[-0.158330470681896,51.3109853904918],[-0.157169626485771,51.313389759405],[-0.159314119284191,51.3159558543535],[-0.159581019661147,51.3171048727437],[-0.160481487671816,51.3168725879706],[-0.161177375768629,51.3175229028865],[-0.161879752207213,51.3196257041028],[-0.156523624561657,51.321485286252],[-0.152720892895178,51.3230003423799],[-0.152070678446811,51.3222713354473],[-0.150677617675547,51.3221683815927],[-0.149003761414741,51.3228015591336],[-0.147930696732596,51.3226830418183],[-0.14557670392873,51.3234929540783],[-0.144232252932735,51.3259290322366],[-0.144411359169946,51.3264647672189],[-0.149188030596626,51.3288459104555],[-0.144071412377831,51.3306907688749],[-0.145594430642885,51.332454959603],[-0.147483922501982,51.3387980163622],[-0.144463895734416,51.3395113925006],[-0.144280389204621,51.3402189444343],[-0.143458983799658,51.340539018072],[-0.144576133845834,51.3420876651782],[-0.14418241887013,51.3422910540105],[-0.141531530744641,51.3434131874425],[-0.136869320555868,51.3447201184966],[-0.136340896567951,51.3447912595839],[-0.136253021585845,51.3444076883921],[-0.132484895636453,51.3442724853007],[-0.132864027644778,51.3454342454123],[-0.131092308834141,51.3454708484651],[-0.131418656486028,51.346024647071],[-0.128964281487169,51.3465823328988],[-0.128851811718693,51.3472706206874],[-0.128347393422096,51.3474505691246],[-0.127513725712915,51.3474467184891],[-0.127279014929812,51.347091138988],[-0.126854880054177,51.3448644246307],[-0.125875453491107,51.3452327703513],[-0.118898161446538,51.3455771500319],[-0.118678553663495,51.3458477035862],[-0.117284836311771,51.3456666141671],[-0.116842029977448,51.3457628590904],[-0.116934258986665,51.3466804778224],[-0.117378055521415,51.3466490352528],[-0.118624594642974,51.3518424502335],[-0.11909473537565,51.3531379825468],[-0.120149031060929,51.3530276135147],[-0.121373975745096,51.3577401888872],[-0.124188829561267,51.3574142924557],[-0.124554967689601,51.358363305136],[-0.124591346813467,51.3588729534671],[-0.123470691200314,51.3591541313065],[-0.123318616959913,51.3589039564973],[-0.121894540634818,51.3590717225046],[-0.12288486825092,51.3599240264274],[-0.121816937190466,51.3599770806331],[-0.122014136100827,51.3609639763335],[-0.121366806670331,51.3610399980284],[-0.12140265279712,51.3623437631071],[-0.120903500493868,51.3633077744408],[-0.12130137633784,51.3647268937773],[-0.122336988661194,51.3645213108036],[-0.124116081766397,51.3653501514467],[-0.122078281656429,51.3657541776397],[-0.123326780930294,51.3711984406336],[-0.124745912217793,51.3729365033815],[-0.124762057193566,51.3736863413263],[-0.127842352848183,51.3747410269512],[-0.126674514578054,51.3749152722065],[-0.126834723541615,51.3754664195002],[-0.125840985080286,51.3755992811025],[-0.126732898500071,51.3770681448536],[-0.128049150500356,51.3804751494334],[-0.130261888492008,51.3822140377138],[-0.128648796741574,51.382493454357],[-0.129514898946542,51.3853006803099],[-0.128760011133675,51.3856431179616],[-0.130632294439637,51.3862681983182],[-0.129566505009285,51.3872309818908],[-0.133234752312872,51.3895521140991],[-0.13261288844745,51.3901249339124],[-0.134321993903791,51.3908470661783],[-0.134257564459517,51.3909191641928],[-0.128727428770065,51.3935021006669],[-0.129652233327207,51.3936521622897],[-0.124139637510634,51.3976095679571],[-0.12465030667513,51.3980973845397],[-0.125681408571826,51.3983241115951],[-0.125398398024585,51.3988263317117],[-0.127712992732134,51.4014686371769],[-0.130445542440792,51.4032741414034],[-0.131456540014508,51.4049347860654],[-0.132302969076169,51.4068084008498],[-0.132077065227153,51.4092026579705],[-0.129456084681713,51.4095744804867],[-0.128485181981585,51.4109914858704],[-0.128172719102879,51.4109379441608],[-0.127724902236922,51.4123163306016],[-0.126832475641387,51.4126989245434],[-0.126236483923793,51.4129295669506],[-0.12576501462844,51.4126313024215],[-0.124452089727923,51.4133654152154],[-0.124080514586188,51.4145969163381],[-0.122491042995267,51.4150269940447],[-0.119813449955782,51.418801665657],[-0.115592254616413,51.4206314240863],[-0.112632832695885,51.4232423747035],[-0.109259088108701,51.4231778555421]]]},"properties":{"LAD24CD":"E09000008","LAD24NM":"Croydon"}},{"type":"Feature","geometry":{"type":"Polygon","coordinates":[[[-0.327006121250583,51.5550308121375],[-0.317660624976379,51.5515685225484],[-0.312526297881848,51.5490280860186],[-0.311479130831358,51.547566184305],[-0.308646363923526,51.5464674082677],[-0.30711297450527,51.545329830657],[-0.308875232096934,51.5452073379745],[-0.30798663079506,51.5444140809335],[-0.308517711348242,51.5431986987867],[-0.30471803763841,51.5398588717779],[-0.305948608561015,51.5393669337997],[-0.306264604133883,51.5341769899795],[-0.307453582279767,51.5330870579547],[-0.302704988863715,51.5319865304008],[-0.299852310864077,51.5330823607187],[-0.29644758037209,51.5352586922184],[-0.295755469146931,51.5352911906736],[-0.295165606298529,51.5348771541108],[-0.293396270410537,51.53492804946],[-0.28662990656124,51.5367840352196],[-0.282457376588103,51.538648675971],[-0.281817393753696,51.5381067343739],[-0.277769393804216,51.5350715115487],[-0.278116622846963,51.5345507290072],[-0.278485381698495,51.5345832585928],[-0.278964094642898,51.533227502427],[-0.280959450006156,51.532588143272],[-0.281484072796813,51.5332309745889],[-0.283479177993753,51.532807957272],[-0.284012385062602,51.533531618032],[-0.289382581578878,51.5316828392574],[-0.285725746983936,51.5291719727384],[-0.282957482400945,51.5288459055948],[-0.280371852466567,51.5283467926226],[-0.279224530348024,51.5287808158383],[-0.274570643111017,51.5295586312287],[-0.27044563007722,51.5300465950476],[-0.270271216631839,51.5297667061379],[-0.269680388783758,51.5300016095786],[-0.26857417728811,51.5298226824246],[-0.266251288494755,51.5306871995155],[-0.264866861432509,51.5315716347991],[-0.264760943844658,51.5321584411088],[-0.263318394674117,51.532668462386],[-0.260353373764622,51.5344927683548],[-0.257740996366156,51.5353673129947],[-0.256545918476375,51.534966293135],[-0.255985074110447,51.5339498847426],[-0.255644957835788,51.5339789818253],[-0.250877874536536,51.5338795038135],[-0.250752237107332,51.5341474327513],[-0.247265526070007,51.5334898604141],[-0.246281570983423,51.5327375094287],[-0.246975847906357,51.5317775883409],[-0.245256656076301,51.5312182262753],[-0.245390921561337,51.5310420588775],[-0.246999780702846,51.5306888754293],[-0.249870747418338,51.5288700580858],[-0.250555873501414,51.5278115479067],[-0.250331435289123,51.5270599042373],[-0.252538390202769,51.524986821142],[-0.251768043195903,51.522117085625],[-0.250319092816483,51.5201852371386],[-0.250690282885466,51.5192006039347],[-0.2489713522111,51.5138906006],[-0.246435348971348,51.5108223006416],[-0.245134655699555,51.5067695958267],[-0.246466730937967,51.506743076517],[-0.245673763200907,51.5046286097276],[-0.247972376286306,51.5043611661312],[-0.248089807238703,51.5046090861783],[-0.249256438152769,51.5044422144784],[-0.249421747147641,51.504677135586],[-0.249917977859926,51.5044346060095],[-0.251079138134178,51.5046508769591],[-0.252483672614707,51.5044966724953],[-0.252525892049911,51.5047136124284],[-0.253751509949108,51.5045512888441],[-0.253670894390568,51.5042845003787],[-0.255064221072407,51.5043292493345],[-0.25336434429858,51.5028933101777],[-0.253040909966186,51.5014223342239],[-0.252771583657548,51.4998884971779],[-0.255606406879975,51.496033357025],[-0.255422123395226,51.4949783438977],[-0.261483309223535,51.494641320646],[-0.267676633366511,51.4939192512037],[-0.269061038858674,51.4940263209257],[-0.271303045031441,51.4948013563848],[-0.272401695976202,51.4961562082685],[-0.274176319018755,51.4972927919943],[-0.277402382334547,51.4990864619229],[-0.280772402092,51.5028475273753],[-0.285711510361579,51.500783729505],[-0.288668716199761,51.5008324169837],[-0.293897823008893,51.5015775552208],[-0.300669386722828,51.4993292247146],[-0.299946959438523,51.4978560126734],[-0.297537161815247,51.4948847143544],[-0.301132918675038,51.4944055623441],[-0.301377122233943,51.495194213918],[-0.305851829897637,51.4961828825053],[-0.305431203745424,51.4945373621448],[-0.308405375534104,51.4935741223266],[-0.311911168808834,51.4919714576592],[-0.313884658435713,51.4936080917017],[-0.314388695555614,51.4934571216358],[-0.315085314491169,51.4939643848471],[-0.31446791118935,51.4943572972709],[-0.315712070935597,51.495348247441],[-0.31528026854231,51.4955548539354],[-0.315794343146763,51.4959073462949],[-0.31918147076384,51.494217300145],[-0.323414300516202,51.4958965878765],[-0.323898551965763,51.4957165614759],[-0.324675743393902,51.4959937592392],[-0.326127384627688,51.495003655658],[-0.327341220314482,51.4960024130722],[-0.329945002137216,51.4950205315316],[-0.331231243629166,51.4955095577543],[-0.335264555913964,51.496157912716],[-0.342278725726975,51.4959877947085],[-0.349708960195708,51.4989814550508],[-0.350619148399036,51.4991066570781],[-0.358052570966066,51.497767974407],[-0.36187789583015,51.4960874183171],[-0.363117893266542,51.4958757777258],[-0.363734025283402,51.4946959784486],[-0.365363324880322,51.4933136768236],[-0.365794059745001,51.4936539066133],[-0.366986978925952,51.4928033785343],[-0.368354836430718,51.492298900671],[-0.367912694991677,51.4917891591151],[-0.371851047191365,51.4904761549128],[-0.371919091997922,51.4909905553857],[-0.37249726445803,51.4910277041521],[-0.373809044711411,51.4919601492431],[-0.375012564856431,51.4939960252446],[-0.375823922335663,51.4953916108452],[-0.377903011367198,51.4954693003247],[-0.377876677159829,51.4966066454792],[-0.381841111112896,51.4952239999719],[-0.384546938967056,51.4946830551931],[-0.386575408414563,51.4946852990474],[-0.389375031127265,51.4951579350217],[-0.406918399587474,51.499666397136],[-0.403833880792223,51.5029193913846],[-0.403819232556505,51.5029338442389],[-0.402859076450413,51.5035818364065],[-0.40023371074684,51.5042927083694],[-0.393513489171671,51.5070117288873],[-0.390422060131917,51.5132045617256],[-0.38911607191857,51.5146651690058],[-0.384947709027511,51.5163736841754],[-0.383430682302964,51.5174879617836],[-0.383429331370769,51.5174891940024],[-0.381788639446717,51.5186204239688],[-0.376145316078738,51.5249452053795],[-0.376371680549651,51.5288849019863],[-0.380996722618005,51.5294116942163],[-0.386642781660345,51.5303991543713],[-0.387115192662479,51.5295742113576],[-0.389276233506824,51.5308027094094],[-0.392648908258066,51.5314488412762],[-0.405321733528102,51.5332205900389],[-0.411049520079079,51.5342901849694],[-0.411845422020108,51.5340728128224],[-0.41222056534672,51.5344946850869],[-0.413487345767395,51.5347120225219],[-0.413819749243935,51.5357438398819],[-0.414763950786028,51.535975869528],[-0.415306149337927,51.5365565818344],[-0.417431210773785,51.5366461544399],[-0.417489782128102,51.5378387030789],[-0.419409329709237,51.5382914102594],[-0.419548090734817,51.5387062290109],[-0.418159934292837,51.5391540381944],[-0.419413609326482,51.5399332437801],[-0.419402613769689,51.5403900828504],[-0.418269884101982,51.5400930288092],[-0.416756112004966,51.5401592575733],[-0.405008718566556,51.5424900659195],[-0.397831391499307,51.542329964419],[-0.395285532006663,51.5425516328212],[-0.39634437286305,51.5457040606883],[-0.396540579884704,51.5459670729562],[-0.397890417634814,51.5456669270353],[-0.398706173814887,51.5478973597145],[-0.394879242969686,51.5476465813093],[-0.394986043334604,51.548038708674],[-0.394946979967999,51.5487312776824],[-0.394210632799448,51.5486144950032],[-0.392796401622069,51.5489689413701],[-0.385035861073688,51.5512586042035],[-0.377656412711582,51.5546995657334],[-0.377843376019978,51.5549770635102],[-0.375881513503431,51.5530846039967],[-0.373342930044203,51.5540964084801],[-0.372863810973885,51.553748820779],[-0.362519599314103,51.5560431739064],[-0.362674841911475,51.5563288320378],[-0.362125241303673,51.556610754484],[-0.362300315676161,51.5572483593151],[-0.347548976989506,51.5596573954049],[-0.345611192404932,51.5584501515109],[-0.343605546201471,51.5577170258085],[-0.338302842811169,51.5572258461615],[-0.335555531666752,51.5565568991247],[-0.327006121250583,51.5550308121375]]]},"properties":{"LAD24CD":"E09000009","LAD24NM":"Ealing"}},{"type":"Feature","geometry":{"type":"Polygon","coordinates":[[[-0.0789586058234731,51.6888434933166],[-0.067149500841317,51.6840555326937],[-0.0620889586137036,51.6829766795278],[-0.057013288148894,51.682973289456],[-0.0517043842473092,51.6835370031239],[-0.0493085112925493,51.6842438749951],[-0.0489357742453957,51.6840170093107],[-0.0483192935896779,51.6840770075409],[-0.0470591627800528,51.6834391789465],[-0.0436576609921237,51.6833520053723],[-0.0436715204665422,51.6830968353187],[-0.0333920793634692,51.6824944721392],[-0.0283765584947189,51.6823321324114],[-0.0197716448864783,51.6811515000282],[-0.011918675972722,51.6808778146614],[-0.0110655316635855,51.6808696794505],[-0.0103284006308653,51.676664669463],[-0.0113506261562681,51.6719184714444],[-0.0113706338663151,51.6707020684764],[-0.0105584700166787,51.6691370603865],[-0.01121851043339,51.6676059479403],[-0.0114939719035368,51.6638912467541],[-0.0098314230565542,51.6617704500407],[-0.00908534892429476,51.6610087477549],[-0.00894084594478858,51.6602175837284],[-0.0117797485430516,51.6530353753187],[-0.0118372625696545,51.6488475099899],[-0.0122596870547121,51.6462286962719],[-0.0133086728040582,51.6396949382653],[-0.0147800744979147,51.6367387862758],[-0.0168090819163363,51.6335288973903],[-0.0233926028915014,51.6252784380583],[-0.0240246173705617,51.6246439645404],[-0.0259377705220752,51.6217428218387],[-0.0320990606863433,51.6168647489811],[-0.0353224501907725,51.6129842497683],[-0.0354937606356267,51.6119639305914],[-0.0340560973716441,51.6102154095317],[-0.0339466520484612,51.6095038598729],[-0.0352240727946998,51.608268207549],[-0.041390716789704,51.6056467844159],[-0.0497389591616748,51.6072416614189],[-0.0528706736436861,51.608110622125],[-0.0528770955128297,51.6085172325899],[-0.0545104924800384,51.6088873231788],[-0.0652270672977286,51.6085868998717],[-0.0670999268972526,51.608949128295],[-0.0674769277034504,51.6086398911521],[-0.0680129825970826,51.6088168825031],[-0.0764556552835799,51.6084141659043],[-0.0855986809355163,51.608473301459],[-0.0856011193916617,51.6084732873227],[-0.0914205241932251,51.6087961346239],[-0.0924663129438352,51.6090909185383],[-0.0924534532593197,51.6088502770656],[-0.0935310051834223,51.6089908811646],[-0.0951588675735644,51.6086580707772],[-0.0957647533663085,51.6092991522207],[-0.09766249221828,51.6089185560442],[-0.0974662374519385,51.6085174702093],[-0.101758394146256,51.6084924945173],[-0.10251433515093,51.608044165333],[-0.103909387864823,51.6084404678597],[-0.109874618404933,51.6082556133395],[-0.110810160840815,51.6086146819032],[-0.114451348824525,51.6084025448945],[-0.115623936822363,51.6084221369268],[-0.117261438661317,51.6084373234453],[-0.117473531407303,51.6082060849161],[-0.118730148124378,51.6086541303684],[-0.119177944677202,51.6083666206813],[-0.123486921645039,51.6086758451244],[-0.124952382805924,51.6099483031506],[-0.125367280948487,51.6100205558983],[-0.126319947661221,51.6093069401904],[-0.127655039084833,51.6094114527409],[-0.135201500406691,51.611218345371],[-0.13870599645949,51.6101857862517],[-0.144495116086128,51.6155090116222],[-0.142033436761903,51.6162803122325],[-0.141280141848118,51.6175363078273],[-0.140510959970912,51.6178124965024],[-0.135414260825638,51.6217731813457],[-0.13550408904142,51.6223998260706],[-0.135038624367985,51.6223521402788],[-0.133367605018605,51.6263829978179],[-0.132382695136261,51.6271929262389],[-0.130433723336039,51.6293160580935],[-0.131140467535019,51.6296862514896],[-0.130164336884496,51.631021106548],[-0.129777355277638,51.6309630303949],[-0.129093931888576,51.632265448032],[-0.131151513163669,51.6325555114925],[-0.133268988148714,51.6332675834028],[-0.133973004242258,51.6340395721847],[-0.134419873045012,51.6339687679173],[-0.134519087894358,51.6346943453249],[-0.138390317321999,51.6365264455948],[-0.140218565378925,51.6374911962433],[-0.142287195835033,51.6393104418939],[-0.145018211811139,51.6426319334734],[-0.147828669765554,51.6420665140498],[-0.149177112640303,51.6453146079349],[-0.151633768800624,51.6453236114201],[-0.151553768084585,51.6456315754383],[-0.152121725260164,51.6458006760437],[-0.151073662911712,51.6472437413047],[-0.152305333335256,51.6476366601052],[-0.152227734646964,51.6479665380895],[-0.149867893303145,51.6488102884478],[-0.150945059827264,51.6500865314006],[-0.152255166652095,51.6498246215972],[-0.152559219537259,51.6514582897013],[-0.153528050372264,51.652706132856],[-0.154003874045977,51.6525899224032],[-0.154194094765218,51.6529661048855],[-0.153394151370422,51.6533054966972],[-0.153597680161817,51.6545400219783],[-0.154617002987458,51.6549789690654],[-0.154731838818758,51.6555451442674],[-0.160438298208452,51.6567639995975],[-0.163545248331555,51.6582069760631],[-0.165094435804148,51.6582599968459],[-0.175562038131118,51.6605995779034],[-0.185865830553031,51.6628363024742],[-0.185418360023203,51.6635363042697],[-0.181960815257973,51.6686831946979],[-0.176711532649631,51.6720996799593],[-0.177006406653406,51.6726797868062],[-0.176385934213631,51.6726449807655],[-0.17544074776966,51.6725925405828],[-0.175657873385423,51.6731633531758],[-0.175329656841394,51.6734496137465],[-0.174958661652237,51.6732154167054],[-0.172473163038003,51.6730913561081],[-0.163607105701444,51.6824031356769],[-0.163503792160564,51.6859229089176],[-0.163493271974568,51.6881150787478],[-0.158620017540002,51.6873975693922],[-0.152879933233878,51.6857993773233],[-0.149431383149735,51.685509368477],[-0.14550724181459,51.6861359704438],[-0.139113366868024,51.6879993178277],[-0.134649024825922,51.6887853259416],[-0.128764138745384,51.6888559356878],[-0.12206916750972,51.6885205957842],[-0.118204562432587,51.6890661297212],[-0.10976351970916,51.6916325011612],[-0.105779139838692,51.6918756442007],[-0.098400973597601,51.690911031253],[-0.0948294473847209,51.6900978481255],[-0.0838890947992951,51.6899133868051],[-0.0789586058234731,51.6888434933166]]]},"properties":{"LAD24CD":"E09000010","LAD24NM":"Enfield"}},{"type":"Feature","geometry":{"type":"MultiPolygon","coordinates":[[[[-0.020594270939253,51.4766962058495],[-0.0205970640111736,51.4766939283626],[-0.0205946281596729,51.4767087677674],[-0.0205561067584939,51.4767227413537],[-0.020594270939253,51.4766962058495]]],[[[-0.0163906749291002,51.4814645397378],[-0.0170900368128096,51.4804120960455],[-0.0178011379693778,51.4808732462131],[-0.0204008564119948,51.4802189684852],[-0.0203081845361445,51.4799137983744],[-0.0230401565984229,51.4796651929538],[-0.0232814386578737,51.4807808257972],[-0.0263652982651962,51.4815068251661],[-0.0257621435476702,51.482150795929],[-0.0251671125824954,51.4850232743177],[-0.0247131894855059,51.4854828066224],[-0.0227010951035044,51.4845572582129],[-0.0188258054896725,51.4834796532129],[-0.0181342734665657,51.4819638106622],[-0.0163906749291002,51.4814645397378]]],[[[0.120527379275315,51.5110987128141],[0.120975422868598,51.5008002956174],[0.121296819006836,51.4911032180979],[0.122044684713817,51.4829947438692],[0.124191087369442,51.4768490185508],[0.120899831917502,51.4784542999114],[0.118471348826992,51.4789031345707],[0.115509656416705,51.4761681506449],[0.114011353800994,51.4751703356304],[0.112477040296167,51.4734210167884],[0.111985588823406,51.4730724330008],[0.108189975969121,51.4761168059008],[0.106176221247785,51.4750163097372],[0.105654772306221,51.4754573516802],[0.105202815614107,51.4752376948254],[0.104903742646542,51.4755276783531],[0.103352122161261,51.4745859415392],[0.102507532877671,51.4749165152861],[0.102005022359293,51.4744637985367],[0.100257019805275,51.4752278843728],[0.098244270803385,51.4754524202916],[0.0965751296281432,51.4732538424674],[0.094484336193004,51.4732681441969],[0.0931999206249991,51.4729540359995],[0.0913142137341769,51.4720709518266],[0.0891258111653671,51.4704543037607],[0.0870533330425957,51.4699702373662],[0.0848085180654865,51.4687299511682],[0.0832384141381482,51.4664770003696],[0.0823130742087601,51.4666413145272],[0.0821338303912459,51.4647607125054],[0.0826285401433043,51.4635844339785],[0.0822559652975657,51.4611312727652],[0.0829421262209515,51.4598295036605],[0.0786718506013547,51.4592901236371],[0.0788814406827624,51.4591287213051],[0.0815043620614526,51.4577527978644],[0.0857320427395333,51.4564506453035],[0.0868550701363671,51.4504346218445],[0.0878718634483258,51.4487035547974],[0.0881128668346332,51.4472554524628],[0.0874145751085642,51.4457471001876],[0.0863698648845979,51.4453071870787],[0.0874267537477507,51.4432843424244],[0.0863062917504783,51.4432424826286],[0.0847342237039473,51.4426034763266],[0.0830184540572312,51.4434199928126],[0.0829935572615223,51.4427335998379],[0.0844606568880198,51.4419767625547],[0.0818128139045854,51.4399683698716],[0.0808830128369601,51.4404039488604],[0.0788244236346721,51.4381392108256],[0.0784572542237592,51.4371129325016],[0.0778399150207355,51.4364424250433],[0.0765691086539887,51.4368717091147],[0.0749732031952865,51.4358667168001],[0.076530870048154,51.4348556784978],[0.0759019857483747,51.4344583078906],[0.0764001647655487,51.4340056824723],[0.0756920313870994,51.4336248960323],[0.0761056388234885,51.4332835467874],[0.0746680798001108,51.4321472406568],[0.0753602122612816,51.4319866512972],[0.0748608669272029,51.430814414725],[0.0743742677066567,51.4314615776957],[0.0733554844347398,51.4317607496446],[0.0730791287240753,51.4313550444841],[0.0734763749362372,51.4312492360693],[0.0717008090370033,51.4294426375043],[0.066619033298759,51.4265034951243],[0.0665810085079252,51.426008501912],[0.0641569329319799,51.4253335742102],[0.0644616964566987,51.4250338737452],[0.063138160633435,51.4241350470725],[0.061705411141948,51.4237003699288],[0.0610068482120784,51.4250818938612],[0.0585990620550009,51.4245946509163],[0.058207379616515,51.424871507086],[0.0544324453067392,51.4279331018075],[0.0510577569492854,51.4315251354327],[0.0479982652794131,51.4336000142751],[0.0451373738549074,51.4362381419632],[0.0451907420308381,51.436601402195],[0.0433359828661426,51.437749020276],[0.0421706062993695,51.4394898196101],[0.0397548572287247,51.4409808588286],[0.0355264586755549,51.4424691041279],[0.0335031134603594,51.4435819481354],[0.0305494500791162,51.4443279474772],[0.0293788155005801,51.44170541883],[0.0278867121438732,51.4415153902854],[0.025580070341721,51.4417164236124],[0.021505758619613,51.4427282618228],[0.0206220874869961,51.4442061662105],[0.0215210119686158,51.4444392423515],[0.0212429880288523,51.446697722878],[0.0229540613875004,51.4472025815022],[0.0224182608857309,51.4481237857929],[0.0219797685295549,51.4489426419044],[0.0151001851389243,51.4500067861312],[0.0149327788100465,51.4506112417243],[0.0151310021648473,51.4502082041224],[0.0198853048979047,51.4507297164679],[0.0195596232293446,51.4517097505181],[0.0183501447853286,51.4515752403042],[0.0175487288105646,51.4550319307801],[0.0140356670573875,51.4557281492023],[0.0115105248627742,51.4566852038882],[0.0104387335293893,51.4584821513692],[0.00990330994722935,51.459631402846],[0.00909476022384968,51.465872998079],[0.011536900815007,51.4662360096741],[0.0132655049756981,51.4668390700937],[0.0127008227739535,51.4673972756337],[0.013088248700867,51.4681466760567],[0.0126101832818701,51.469808512152],[0.0143642866942293,51.4697465817968],[0.0163578260778665,51.4689746201005],[0.0165435988886042,51.4691289953782],[0.0167032285878957,51.4695044591758],[0.0155297471559116,51.4713161426227],[0.015001240868124,51.473080943274],[0.017962965802973,51.4738300333518],[0.0121135248044991,51.4731691571914],[-0.000897906415909124,51.4718030783721],[-0.0082294829233204,51.4727600596776],[-0.0125633127150113,51.4723431829755],[-0.0140453906725634,51.4726709190752],[-0.0145276067741026,51.4719030840662],[-0.0151466238967958,51.4717494679539],[-0.0131059506503463,51.4689394334913],[-0.0150615449572877,51.4680444319148],[-0.0165617094590095,51.4692602707973],[-0.0168906302458386,51.469072339546],[-0.0171612997784176,51.4693276642216],[-0.0191137823791942,51.4700086931528],[-0.0192445833885237,51.4705065797699],[-0.0186586805168702,51.4706862811536],[-0.0193013665761883,51.47203612481],[-0.0203118546386845,51.4723054916938],[-0.0199729649126539,51.4730017788618],[-0.0212747207722632,51.4737756667817],[-0.0225821749666007,51.4741120054578],[-0.0227919559767653,51.4744663021482],[-0.0228608010860869,51.4753120243364],[-0.022562078462444,51.4753580682779],[-0.0225114753848678,51.4753546100586],[-0.0211672332447822,51.4752628395011],[-0.0205589520838375,51.4756585958702],[-0.0204754211537821,51.4765827340474],[-0.0190008699189004,51.4770489189495],[-0.0190403526017673,51.477659869399],[-0.0190688107987724,51.4781002090994],[-0.0190759358862127,51.4782104511236],[-0.0189312278453323,51.4784478066825],[-0.0183712573281695,51.479366264118],[-0.0168316852582202,51.4800974363165],[-0.0157142930211392,51.4816379985529],[-0.0149878990240913,51.481746559495],[-0.0179092722762506,51.4825478276118],[-0.0178988635745449,51.4831952383739],[-0.0163292353539419,51.48322745484],[-0.0163448057232328,51.4829647842927],[-0.015685219327671,51.4829281564029],[-0.0152663180567782,51.4831314103139],[-0.0135406079075238,51.4828960710985],[-0.0111338253292471,51.4830211920367],[-0.0110389897989793,51.4833156146698],[-0.011036564969555,51.4833231419467],[-0.0110249341272826,51.4833261011613],[-0.00993406113725374,51.4836036288558],[-0.00725618436409394,51.4837746086399],[-0.0046696377272037,51.48457458667],[-0.00456084156803151,51.4846082337217],[-0.00452834654074461,51.4846146663899],[-0.00326793565661814,51.4848641445028],[-0.00118027605592998,51.4863201348384],[-2.25647046549003E-05,51.4867301691489],[0.00137603528881682,51.4878146825579],[0.00240257273955881,51.4895282858071],[0.00268731688451045,51.4918656115154],[0.00236993449316023,51.492987937846],[0.00195395194530916,51.4929136545374],[0.00195201161478856,51.4929195689492],[0.00158608455141638,51.4940350405842],[0.000991058142618036,51.4944116511883],[0.00102683146649942,51.4951546284864],[0.000748932646590267,51.4950702063194],[0.000720387373358711,51.495442401749],[-0.000214224397669919,51.4952289725011],[-0.00097794200594361,51.496277515019],[-0.00218624871107061,51.4998417258788],[-0.00222887876623375,51.5012705308872],[-0.00188856171611438,51.5012662948797],[-0.00158279256328577,51.5019003155357],[-0.00152013685701323,51.5020302331554],[-0.00205296723281494,51.5021159370482],[-0.00174190871901165,51.5028424890876],[-0.000738490796792195,51.5037989686368],[0.000821016780406676,51.5045315545689],[0.00325826259684049,51.5049389523925],[0.00514672333477784,51.5043964032735],[0.0082921551109671,51.5017315398314],[0.0138816706136247,51.496995117495],[0.0154239937179714,51.4962591355536],[0.0179606700462535,51.4950485639515],[0.0214974397321313,51.4944722661464],[0.0215723354829263,51.4939516435443],[0.0220053608758845,51.4938893209295],[0.0221568100861627,51.4942828936758],[0.0242928549197411,51.4938197244221],[0.0290391790669208,51.4938475879877],[0.0290437816193529,51.493847485857],[0.0402981852915764,51.4954280537802],[0.0447857933987769,51.4951720419291],[0.0575688229220394,51.4944418513258],[0.0577815840585418,51.49403847504],[0.0580177319407685,51.4944225510064],[0.0588908438444678,51.4944303325307],[0.059155178518339,51.494129375636],[0.0593113493226954,51.4944584687355],[0.0611863326950022,51.4945485845208],[0.0639286601172879,51.4946803328049],[0.0641653271823492,51.4944499954602],[0.0641042431862595,51.4946763423078],[0.0703323236870881,51.4951279565925],[0.0757452281586483,51.4960454739987],[0.076006396515164,51.4959414008393],[0.0762452590486965,51.4958462140551],[0.0823150428814321,51.4989412116382],[0.0837067285429202,51.5004152483111],[0.0866635665009232,51.5035468940618],[0.0868624816858324,51.5033904710095],[0.0876452915359463,51.5039188155343],[0.0880194772240214,51.5054479807425],[0.0880324498322693,51.5055009958442],[0.0919847169887287,51.5089836917763],[0.0945674880814375,51.5089543889142],[0.0994590834076674,51.5096392085094],[0.106885907869927,51.5094132894151],[0.11348803527867,51.5101474108681],[0.120213530205772,51.5114468683067],[0.120216178431184,51.5114473797867],[0.120527379275315,51.5110987128141]]]]},"properties":{"LAD24CD":"E09000011","LAD24NM":"Greenwich"}},{"type":"Feature","geometry":{"type":"Polygon","coordinates":[[[-0.0611585720665009,51.5777860361975],[-0.0584321090167435,51.5725649127932],[-0.0563161668169224,51.570711273431],[-0.0543552806678895,51.5702851597708],[-0.053287507628187,51.5686590122062],[-0.0511470697400311,51.5677302063412],[-0.0511449586418684,51.5677293943477],[-0.0466562946415431,51.5643767492832],[-0.0472480949832943,51.5627061120467],[-0.0451297085977058,51.5617899453013],[-0.0423626660088638,51.5613681749881],[-0.0401758622424248,51.5617829852681],[-0.0388197211113053,51.5611586933099],[-0.0362865933146907,51.5614752936842],[-0.033285271928068,51.56061999249],[-0.0300395889044704,51.5613589106994],[-0.0283905349440393,51.5610202500371],[-0.0257782249314975,51.5598757347937],[-0.0243386915739582,51.5586389797272],[-0.0239407737144592,51.5573697775929],[-0.0230062818046805,51.5572723913801],[-0.0184641541397368,51.5551846243824],[-0.0174811722760853,51.5533409042808],[-0.0171740512189124,51.5516758944393],[-0.0171743352515583,51.5515772837198],[-0.0189832068446934,51.5515962324148],[-0.0189355938865919,51.5505349123489],[-0.0174631458837187,51.5475982726847],[-0.016549676137034,51.543329866783],[-0.0198528971615672,51.543582851157],[-0.0255845560641751,51.5433389605769],[-0.0289910688237788,51.5422729755855],[-0.0295535275710296,51.5430909967655],[-0.0331911146315964,51.5446857163683],[-0.0377336189286635,51.5417985078125],[-0.0371437136784512,51.5414166108775],[-0.0374213185800631,51.5412814848204],[-0.0407379137152159,51.5381186562258],[-0.0414935933938469,51.5374425614696],[-0.0449632628777945,51.5357814762523],[-0.0471597768522713,51.5354487752517],[-0.0497007576085603,51.5363466092268],[-0.05091293600747,51.5364617048636],[-0.0523769045393786,51.5359310318297],[-0.0528564510841317,51.534938715867],[-0.0546741067102239,51.5351554692028],[-0.0573019079744903,51.5344144403849],[-0.0587579357467386,51.534104763488],[-0.0600733464191528,51.5341960228764],[-0.0624344459546157,51.5355324975372],[-0.0628602310278854,51.5349187215955],[-0.0621901686195596,51.5332591767432],[-0.0650086094858108,51.5329044572356],[-0.065162284380672,51.5331551659224],[-0.0662534489513387,51.531220072024],[-0.0728284472465958,51.53065700874],[-0.0745753884604118,51.5298521058624],[-0.0757153095558964,51.5283581942797],[-0.0772734871357757,51.5273053535397],[-0.0762971095866288,51.5271422083987],[-0.0766410444439245,51.5263467521083],[-0.076459965151695,51.5243182940837],[-0.0759273904518611,51.52433907218],[-0.0757417110885002,51.523681358418],[-0.076119965722006,51.522368978201],[-0.0764583205438268,51.5220464712047],[-0.0782521040744254,51.5219025818914],[-0.0785291057043016,51.5215119179615],[-0.0810408173535679,51.521973057215],[-0.0817731359017545,51.5207454012835],[-0.0831233098925708,51.5198516128431],[-0.0852326450965759,51.5203483962659],[-0.0842141608271471,51.5239300155637],[-0.0852014968581625,51.523944518855],[-0.0851190407648479,51.5244573079721],[-0.0854635958760204,51.5245386658991],[-0.0847453063163075,51.5254292212608],[-0.0850097924274718,51.5262376352971],[-0.0869767742512281,51.525767762695],[-0.0878320627243553,51.5262417890871],[-0.0887313776452328,51.5274525128514],[-0.091481256765629,51.5282085153029],[-0.0953731283192781,51.5292060090243],[-0.0951040536203394,51.5300841047485],[-0.0970323369192637,51.5330033394181],[-0.0931472868596807,51.5343988062644],[-0.0896889912178029,51.536043227346],[-0.0865633983715774,51.5373022716387],[-0.0865615248399922,51.5373671654901],[-0.0835763215344581,51.5451729845525],[-0.0837895244222328,51.5465852346987],[-0.0766852527790431,51.5460865945842],[-0.0763260847021879,51.5472035730605],[-0.0776773911258274,51.5494830091827],[-0.0793990012001615,51.5516726911204],[-0.0819426570954354,51.5520633100949],[-0.0853985195898088,51.5521342023458],[-0.0875649412474154,51.5528447185948],[-0.0885541811426647,51.5539405275973],[-0.0892863311338298,51.5537408702373],[-0.0903561415772903,51.5541514256607],[-0.090396922359362,51.5575741741988],[-0.0917168676312077,51.5602014858924],[-0.0960169171182377,51.5612154561409],[-0.0985857950207302,51.560813933077],[-0.0995655128000316,51.5615627978647],[-0.104373934561655,51.5647666575849],[-0.104032178579348,51.5649662454105],[-0.0980757578828272,51.5691117380091],[-0.096023376744274,51.5706553440658],[-0.0976349831401733,51.5736455908192],[-0.0966009832537768,51.573828964805],[-0.0946948311947085,51.5735893456716],[-0.0934811739312744,51.5739846884708],[-0.0914414525828898,51.5739917845648],[-0.0898107494380284,51.5743959732118],[-0.0868585169768278,51.5743001604632],[-0.0872433567598026,51.5746975858542],[-0.0856588290596378,51.5750401010783],[-0.0808384261736449,51.5756394662243],[-0.0762426745972946,51.5749351956731],[-0.0757836860662353,51.5754933985396],[-0.0751824535311234,51.5753300935089],[-0.0744260966437104,51.5756774803109],[-0.0723920692476494,51.5756334609508],[-0.0667295655800099,51.5763428102021],[-0.066748822722587,51.5766432915364],[-0.0611585720665009,51.5777860361975]]]},"properties":{"LAD24CD":"E09000012","LAD24NM":"Hackney"}},{"type":"Feature","geometry":{"type":"Polygon","coordinates":[[[-0.233821247474086,51.5323311149968],[-0.230717348005316,51.5308699832446],[-0.228440758153743,51.5303191562848],[-0.228730175524929,51.5299056451657],[-0.227429972121213,51.5279963598706],[-0.227229453930617,51.5247772390701],[-0.22656793126906,51.5246259086028],[-0.226696960668858,51.5219392475958],[-0.228276943623204,51.5210951812624],[-0.22654329333555,51.5195770779274],[-0.222464368050734,51.5154070123675],[-0.220235964075799,51.5117327975875],[-0.219315925780897,51.5095542975641],[-0.217847732543837,51.5097526992018],[-0.218043289167948,51.5102242389612],[-0.217190220202911,51.5103992438768],[-0.216452382074861,51.5091126499001],[-0.215813858155986,51.50915345265],[-0.215541653076812,51.5083920444881],[-0.215197890345675,51.5076513520936],[-0.21611922117336,51.5075212021927],[-0.215938670705129,51.506400335939],[-0.217975379717538,51.5061431105204],[-0.217001985360401,51.5045041715512],[-0.216976653096357,51.504466149606],[-0.215028905986165,51.502185301436],[-0.213440028889613,51.5001774665915],[-0.210504590283717,51.4983468511015],[-0.207951410590124,51.4960315668214],[-0.20733489853243,51.4961527942183],[-0.203085508305625,51.4933714670801],[-0.201833011307257,51.4918452953471],[-0.202364641392252,51.4916615386255],[-0.197966108552929,51.4879071841827],[-0.196405191810415,51.4871869018364],[-0.195906065404788,51.4873707105146],[-0.193630274569299,51.4858905019148],[-0.19077081676291,51.483165686506],[-0.188262412705968,51.4809666762654],[-0.186521019063067,51.4798688451479],[-0.183876303255074,51.4774431317481],[-0.183805527855666,51.4774336059909],[-0.183852266028706,51.4774349844857],[-0.183866769488335,51.4774354123296],[-0.184170020760942,51.4771789198989],[-0.182467545555604,51.4771138780178],[-0.180414164393764,51.4777070216692],[-0.179362623599558,51.4776232565741],[-0.18098872191042,51.4726000365224],[-0.183063337415531,51.4692172506088],[-0.184471881774165,51.4676828927794],[-0.186285001094092,51.4665279545318],[-0.188549060001918,51.4658377980615],[-0.188552082511586,51.4658368762172],[-0.1904362013183,51.4652624879367],[-0.194158689488193,51.4648405383887],[-0.197143620812638,51.4649759287362],[-0.197375571482652,51.4652109486777],[-0.197547491532176,51.4649933759448],[-0.197617393494121,51.4649937836225],[-0.199528076954256,51.4650049066281],[-0.202757174305121,51.4653390432813],[-0.210531863519603,51.4671372876434],[-0.210505558181644,51.4677362508058],[-0.210985780371417,51.4673114750853],[-0.211307445646197,51.4674067566488],[-0.216783617128213,51.469605660671],[-0.221501731748251,51.4734821051337],[-0.222554214129561,51.4747453454141],[-0.223286048456569,51.4766955878851],[-0.223547941429191,51.4773934531031],[-0.224024493505577,51.4816991606601],[-0.223616529824783,51.4818944189353],[-0.224077293967389,51.4824337582287],[-0.225005632658715,51.484306144254],[-0.226448115034447,51.486047553998],[-0.227573960690401,51.4874066045974],[-0.227605756822565,51.4874449854341],[-0.228668819635466,51.4888268163116],[-0.232784836460965,51.4901874369611],[-0.234368475894577,51.4904110907255],[-0.234462639775293,51.4904063058441],[-0.234590814138328,51.4903997917965],[-0.234595171525573,51.4903995705115],[-0.240493936129523,51.4900996275033],[-0.243059991888701,51.489433058856],[-0.244494827875011,51.4887130546613],[-0.244511877048261,51.4887044996573],[-0.24451713921975,51.488702205231],[-0.244942229294421,51.4890016985478],[-0.245565857109029,51.4900526460943],[-0.244419991253253,51.4979389124486],[-0.24498272220723,51.4978967460234],[-0.245238856675817,51.4983063553719],[-0.245929225229688,51.4981413308624],[-0.249203165323049,51.4969498993697],[-0.251290048414711,51.4998583601625],[-0.253040909966186,51.5014223342239],[-0.25336434429858,51.5028933101777],[-0.255064221072407,51.5043292493345],[-0.253670894390568,51.5042845003787],[-0.253751509949108,51.5045512888441],[-0.252525892049911,51.5047136124284],[-0.252483672614707,51.5044966724953],[-0.251079138134178,51.5046508769591],[-0.249917977859926,51.5044346060095],[-0.249421747147641,51.504677135586],[-0.249256438152769,51.5044422144784],[-0.248089807238703,51.5046090861783],[-0.247972376286306,51.5043611661312],[-0.245673763200907,51.5046286097276],[-0.246466730937967,51.506743076517],[-0.245134655699555,51.5067695958267],[-0.246435348971348,51.5108223006416],[-0.2489713522111,51.5138906006],[-0.250690282885466,51.5192006039347],[-0.250319092816483,51.5201852371386],[-0.251768043195903,51.522117085625],[-0.252538390202769,51.524986821142],[-0.250331435289123,51.5270599042373],[-0.250555873501414,51.5278115479067],[-0.249870747418338,51.5288700580858],[-0.246999780702846,51.5306888754293],[-0.245390921561337,51.5310420588775],[-0.245256656076301,51.5312182262753],[-0.246975847906357,51.5317775883409],[-0.246281570983423,51.5327375094287],[-0.243236010560196,51.5317648407112],[-0.237528634817977,51.5320050192192],[-0.234409495958749,51.5326382748266],[-0.233821247474086,51.5323311149968]]]},"properties":{"LAD24CD":"E09000013","LAD24NM":"Hammersmith and Fulham"}},{"type":"Feature","geometry":{"type":"Polygon","coordinates":[[[-0.127655039084833,51.6094114527409],[-0.126319947661221,51.6093069401904],[-0.125367280948487,51.6100205558983],[-0.124952382805924,51.6099483031506],[-0.123486921645039,51.6086758451244],[-0.119177944677202,51.6083666206813],[-0.118730148124378,51.6086541303684],[-0.117473531407303,51.6082060849161],[-0.117261438661317,51.6084373234453],[-0.115623936822363,51.6084221369268],[-0.114451348824525,51.6084025448945],[-0.110810160840815,51.6086146819032],[-0.109874618404933,51.6082556133395],[-0.103909387864823,51.6084404678597],[-0.10251433515093,51.608044165333],[-0.101758394146256,51.6084924945173],[-0.0974662374519385,51.6085174702093],[-0.09766249221828,51.6089185560442],[-0.0957647533663085,51.6092991522207],[-0.0951588675735644,51.6086580707772],[-0.0935310051834223,51.6089908811646],[-0.0924534532593197,51.6088502770656],[-0.0924663129438352,51.6090909185383],[-0.0914205241932251,51.6087961346239],[-0.0856011193916617,51.6084732873227],[-0.0855986809355163,51.608473301459],[-0.0764556552835799,51.6084141659043],[-0.0680129825970826,51.6088168825031],[-0.0674769277034504,51.6086398911521],[-0.0670999268972526,51.608949128295],[-0.0652270672977286,51.6085868998717],[-0.0545104924800384,51.6088873231788],[-0.0528770955128297,51.6085172325899],[-0.0528706736436861,51.608110622125],[-0.0497389591616748,51.6072416614189],[-0.041390716789704,51.6056467844159],[-0.0435186348223699,51.6027101538997],[-0.0460324064712639,51.6001218400948],[-0.0504028618917922,51.5966640701376],[-0.0522889320835113,51.5935410368686],[-0.0535326863084434,51.5900059301302],[-0.0521573976884849,51.5876616503059],[-0.0532005923039354,51.5869327250794],[-0.0548398372104154,51.5857805997798],[-0.0557363367241384,51.584255157205],[-0.0578323463955487,51.582514605803],[-0.061000701093672,51.5808502199603],[-0.0619435035509746,51.5800296097217],[-0.062184586349229,51.5791920640281],[-0.0611585720665009,51.5777860361975],[-0.066748822722587,51.5766432915364],[-0.0667295655800099,51.5763428102021],[-0.0723920692476494,51.5756334609508],[-0.0744260966437104,51.5756774803109],[-0.0751824535311234,51.5753300935089],[-0.0757836860662353,51.5754933985396],[-0.0762426745972946,51.5749351956731],[-0.0808384261736449,51.5756394662243],[-0.0856588290596378,51.5750401010783],[-0.0872433567598026,51.5746975858542],[-0.0868585169768278,51.5743001604632],[-0.0898107494380284,51.5743959732118],[-0.0914414525828898,51.5739917845648],[-0.0934811739312744,51.5739846884708],[-0.0946948311947085,51.5735893456716],[-0.0966009832537768,51.573828964805],[-0.0976349831401733,51.5736455908192],[-0.096023376744274,51.5706553440658],[-0.0980757578828272,51.5691117380091],[-0.104032178579348,51.5649662454105],[-0.104373934561655,51.5647666575849],[-0.104884456446495,51.5646713059149],[-0.110690523650188,51.568612868029],[-0.115019872269648,51.5705899253403],[-0.115701333599976,51.5720164882987],[-0.116080307943225,51.5721843585676],[-0.115550981531812,51.572581254371],[-0.117551176826914,51.5741419836411],[-0.119554521778125,51.574380449896],[-0.118876825460692,51.5747308220161],[-0.119534587269282,51.575506765326],[-0.119873002807983,51.5754705230314],[-0.123784663310148,51.5746469404413],[-0.124861081757225,51.5740921504472],[-0.127566925850632,51.5741469411454],[-0.131138788998908,51.5735929930079],[-0.133385080843479,51.5728751845254],[-0.138308605690534,51.5705940136016],[-0.140631972825196,51.5694284053169],[-0.14239561120072,51.5691060019668],[-0.144381825926643,51.5700843782747],[-0.148682546469594,51.5709359166883],[-0.150146318151361,51.5715539250106],[-0.157735978505448,51.5720509798223],[-0.160476747192304,51.572779358856],[-0.164539988212205,51.5725005383324],[-0.167287288028304,51.5729628327758],[-0.17123183297214,51.5724182505535],[-0.171199017776056,51.5735737877532],[-0.169444153912888,51.5739659872894],[-0.169705073518353,51.5763694973184],[-0.16931434680921,51.5774161926719],[-0.168063030081805,51.5769289516918],[-0.166812967212486,51.5786566214162],[-0.167036148691484,51.5817553213486],[-0.166190268347306,51.5820442612783],[-0.165721240568509,51.5832239567567],[-0.164580203367314,51.5839581707193],[-0.163070347355115,51.5843696578533],[-0.161339671284794,51.5852841257476],[-0.159617383637859,51.5844628855299],[-0.157940622793892,51.5857359846159],[-0.157896820195769,51.5862099204978],[-0.157130981863992,51.5861913943339],[-0.157400641593501,51.5865584833061],[-0.158679520180216,51.5866333493394],[-0.158630009713532,51.5880015579887],[-0.160234507311411,51.5879892184587],[-0.160161454713532,51.5896976195971],[-0.159755919169429,51.5897209429422],[-0.159431936973187,51.5915739285305],[-0.158685868117782,51.5919984458913],[-0.158864204228314,51.592318981714],[-0.159691068413208,51.5922272401288],[-0.161761100843511,51.597478858829],[-0.156340779674966,51.605368927929],[-0.155863177309527,51.6054654944774],[-0.156082676176402,51.6051160759063],[-0.154673213688396,51.6042305817123],[-0.15340602278781,51.6028464360529],[-0.15294554604048,51.5991881418022],[-0.151330701481231,51.5974710990475],[-0.144470072322305,51.6001217837464],[-0.144171947680585,51.6010961144215],[-0.141972983318121,51.603708786084],[-0.143146734454601,51.6067182336257],[-0.143425303305972,51.6088310603809],[-0.13870599645949,51.6101857862517],[-0.135201500406691,51.611218345371],[-0.127655039084833,51.6094114527409]]]},"properties":{"LAD24CD":"E09000014","LAD24NM":"Haringey"}},{"type":"Feature","geometry":{"type":"Polygon","coordinates":[[[-0.305573663802058,51.6341206594062],[-0.304460793558934,51.6320336641908],[-0.292643324982894,51.621742945729],[-0.287385119527708,51.617015900749],[-0.281030197237065,51.6122723939141],[-0.278348902999475,51.6097853633469],[-0.267113115479641,51.6003719676663],[-0.270988838732912,51.598384004519],[-0.273067314998928,51.5983866996635],[-0.276964355852371,51.5969372657706],[-0.276510294245565,51.5965099187427],[-0.283353330016794,51.5957428255378],[-0.285568620796434,51.5952106859021],[-0.285774999335346,51.594728702117],[-0.286248533176676,51.5949363412211],[-0.287051822242211,51.5945628319685],[-0.290405901610672,51.5935438008452],[-0.288934236464643,51.592821195592],[-0.28563943939032,51.5918967295564],[-0.284197440660582,51.5904955376009],[-0.282333959135817,51.5858399131051],[-0.28245801200774,51.5850516639016],[-0.301447504787293,51.5872714884355],[-0.304696795432772,51.5870525523909],[-0.30678464014985,51.5865154366199],[-0.31253249193528,51.5844525800964],[-0.317025089189847,51.5820750914636],[-0.320199754188027,51.580374892141],[-0.326634185132864,51.5786006729965],[-0.326587520367022,51.5782900161725],[-0.325352451810086,51.5759356317709],[-0.324804688150537,51.5733143209826],[-0.322148244821014,51.5696770562365],[-0.325216392497237,51.5684573233946],[-0.325051402557729,51.5682592364745],[-0.329849338123979,51.5671282180051],[-0.329689402526453,51.5661927201849],[-0.328672097370254,51.5659749832872],[-0.328237078551993,51.5625405944302],[-0.330042382729355,51.56223139636],[-0.331264837354128,51.5614142883584],[-0.334034842324087,51.5587546615113],[-0.333930197310544,51.5576981983501],[-0.334857082126507,51.5578663736655],[-0.335555531666752,51.5565568991247],[-0.338302842811169,51.5572258461615],[-0.343605546201471,51.5577170258085],[-0.345611192404932,51.5584501515109],[-0.347548976989506,51.5596573954049],[-0.362300315676161,51.5572483593151],[-0.362125241303673,51.556610754484],[-0.362674841911475,51.5563288320378],[-0.362519599314103,51.5560431739064],[-0.372863810973885,51.553748820779],[-0.373342930044203,51.5540964084801],[-0.375881513503431,51.5530846039967],[-0.377843376019978,51.5549770635102],[-0.380241090382526,51.5590476859232],[-0.380088715629006,51.5595858001673],[-0.380422439051526,51.5608568229896],[-0.38233243396987,51.5628796990634],[-0.381892290346184,51.5630766870671],[-0.382399541453545,51.5636010822359],[-0.382358611270806,51.5648308690813],[-0.383296018626681,51.5672799486546],[-0.385883078066173,51.5708974931874],[-0.386475786941669,51.5715534313032],[-0.385651517379384,51.5721336223829],[-0.388075351840062,51.5749917997125],[-0.387536201348649,51.5752527212504],[-0.388544818560857,51.5776857033657],[-0.391563901542468,51.581559051105],[-0.390978402327779,51.5816977634338],[-0.391044193673723,51.5830483172959],[-0.391984929059064,51.5882743635375],[-0.394459472115783,51.590420406584],[-0.395490674494017,51.5901938167569],[-0.395573576806697,51.5905935601608],[-0.395532851232754,51.5918844865376],[-0.396366445066841,51.5936159625007],[-0.396501870140447,51.5950527234307],[-0.39769618244992,51.5968808155259],[-0.400334603316673,51.5974161962944],[-0.39992651454445,51.5981789513959],[-0.401172349725285,51.5995605071009],[-0.402337877317186,51.6019398057436],[-0.402478037533898,51.6051903462881],[-0.401760469398902,51.6066197393515],[-0.403215759027032,51.6090989967392],[-0.404003977890064,51.6131839726247],[-0.403988125680466,51.6131839864614],[-0.39946517299048,51.6134074673006],[-0.392678947906904,51.6151824338928],[-0.385871935681355,51.6158200428467],[-0.384571611905012,51.6161697515888],[-0.382026147813927,51.6174226518044],[-0.375839482692173,51.6181877991234],[-0.368174515273729,51.6206523784205],[-0.365536766081543,51.6213342243546],[-0.363431878763862,51.6225377559924],[-0.362621257698241,51.6235048165802],[-0.361792560366205,51.6237297725573],[-0.359678561696669,51.6252622284688],[-0.349222330428968,51.6269094985893],[-0.345106261842187,51.6283307961975],[-0.339889641971043,51.6307237430614],[-0.338283831127965,51.629472634266],[-0.333089080327958,51.6333844366913],[-0.332971366752564,51.6338359439735],[-0.332583185685678,51.633742328016],[-0.329982905777533,51.6353356695787],[-0.326546234454703,51.6367191621095],[-0.319792791191692,51.638220707369],[-0.317549393191407,51.6402163102182],[-0.316672244970353,51.6405355666504],[-0.312318486481636,51.6389613831763],[-0.305377121152003,51.6371078690018],[-0.304449971011893,51.6363487192482],[-0.305573663802058,51.6341206594062]]]},"properties":{"LAD24CD":"E09000015","LAD24NM":"Harrow"}},{"type":"Feature","geometry":{"type":"Polygon","coordinates":[[[0.224087730411796,51.6317377614501],[0.237351087365519,51.6240734054185],[0.252794278466979,51.6174287410397],[0.257692020085517,51.6141825198984],[0.259049364253879,51.6122840138562],[0.263257699303371,51.6091919944458],[0.26456196557058,51.6083206608749],[0.264325351656562,51.607832370076],[0.263115428229239,51.6073196873279],[0.261676730277116,51.6074607767223],[0.258079242397805,51.6065074435534],[0.25799868440234,51.6049118423015],[0.257155907644333,51.6049253481731],[0.256625410169394,51.6036063978684],[0.255165202713557,51.6026695051222],[0.254696024786328,51.6027315578964],[0.253916398804966,51.6019201221886],[0.254008700235285,51.6015982007674],[0.254816062670065,51.6013371722752],[0.257913605156736,51.6012749593562],[0.258251335331151,51.6009204457213],[0.260870024206464,51.6003904695662],[0.26464627109217,51.5997405964761],[0.269866485133475,51.5995544498121],[0.270315447605978,51.5975495906605],[0.26933354467737,51.5952979307279],[0.269879114681079,51.5924669289916],[0.272096329396185,51.5876581381907],[0.273810691930359,51.5868136702592],[0.281966271452787,51.5788960157692],[0.285025157678298,51.5741837111794],[0.286668922498019,51.5735667735247],[0.287123868086035,51.5727099885495],[0.286687112960368,51.5715533982311],[0.290201523969927,51.5644971982514],[0.290289733913774,51.5642993923202],[0.313035079940716,51.565818131885],[0.315294829915934,51.5578352939707],[0.31650054707161,51.5576856219638],[0.31843531652389,51.5567804339138],[0.318896899598589,51.5551912077696],[0.322053394624536,51.5541988667285],[0.32230582154122,51.5527818901856],[0.3251574685972,51.5530582337204],[0.327816067967104,51.5509945685188],[0.327978840374596,51.5485613465803],[0.329467856349486,51.5465640911648],[0.328899973021285,51.545837055116],[0.331445324595911,51.5459429278626],[0.333902598356895,51.5424937022607],[0.333333266905913,51.5412621587962],[0.333841742552962,51.5411648330399],[0.334024218329939,51.5405038037667],[0.331429400596117,51.5400454601615],[0.331590398372512,51.5407968461796],[0.322441491335513,51.5405178524473],[0.310527026405698,51.5396515344296],[0.310510176148717,51.5393469939279],[0.310040116575702,51.5392924187992],[0.300722930734955,51.5387560285923],[0.300858888257756,51.5381346271584],[0.297205278558138,51.5376622191266],[0.29775498943779,51.5353185659848],[0.290439810515161,51.5346604025838],[0.290524699212002,51.5344851358901],[0.288075396198257,51.5345536206238],[0.2817620835633,51.5339418990993],[0.276340186976989,51.532928461384],[0.276224401767285,51.5331789393611],[0.274959586472331,51.5329435607152],[0.270706243597923,51.533093502188],[0.265347272043956,51.5321502650611],[0.265386704436751,51.5249558489198],[0.265670883202163,51.5246104247781],[0.2667515314686,51.5245131228876],[0.266638180028104,51.5229558898014],[0.265009318694286,51.5229010496471],[0.264035473598582,51.5210843278416],[0.263682923643184,51.5178697921034],[0.262307889224424,51.5179304897632],[0.260303107596572,51.5183711168124],[0.258928148628116,51.5177635906079],[0.253834318187163,51.5178858715831],[0.252332823507909,51.5247900147822],[0.251536193164843,51.5259708518984],[0.250852046826051,51.5288186261786],[0.248964774122808,51.5286740288278],[0.248882245032362,51.5274093783913],[0.248290946236306,51.5275511678208],[0.246324681853086,51.5265320925949],[0.247090030662765,51.525092063474],[0.245837497776256,51.5235161805957],[0.242855999994698,51.5243924623009],[0.241038342371993,51.5226060795193],[0.240724594603274,51.5212073864545],[0.244299500574831,51.520471742101],[0.244665674083467,51.5201499726584],[0.244228494460724,51.5197599672636],[0.244905836375926,51.5187594749428],[0.243936552751851,51.5183373979297],[0.240195293721183,51.5193514140514],[0.23717600954358,51.5193344334906],[0.241142377348182,51.5137431566327],[0.239974249865455,51.5130532452623],[0.240306918525124,51.5107554625678],[0.240601660610401,51.510506994329],[0.241502262637164,51.5106210413655],[0.241919319161816,51.5079601268953],[0.239998906759376,51.5077072508897],[0.239846708667299,51.5072785215566],[0.233441679621537,51.5066704250108],[0.228956434706699,51.5068043722324],[0.226597286350539,51.5065632427159],[0.226396337183668,51.5059285540787],[0.226020782132384,51.5058799491427],[0.22661442818287,51.5044891616131],[0.229965349544136,51.4993659187165],[0.227907634814815,51.4988600555984],[0.224360731972241,51.4973257726649],[0.223606650551861,51.4979066719872],[0.221654041113826,51.4978105595273],[0.217025915516599,51.4965834302003],[0.215487472707436,51.4966197204244],[0.214156929096117,51.4960396098803],[0.213543890555933,51.4950133944825],[0.213074626967269,51.4950222524131],[0.211932601890547,51.4910444772129],[0.210693317337075,51.4901847583346],[0.210575775391054,51.49024775373],[0.209640744454131,51.4897692799263],[0.208874603367088,51.489863754503],[0.209313718258614,51.4904238598386],[0.208366747037579,51.4896691714149],[0.201046537249163,51.4891484882521],[0.196314168137655,51.4881580186326],[0.191597288612279,51.488085285502],[0.189173732149631,51.4877123648939],[0.187657973831843,51.4878854434686],[0.187482151264599,51.4885749119465],[0.184786729408486,51.4907071061908],[0.183866199833321,51.4922423184489],[0.183315760740498,51.4953705428811],[0.182563369244045,51.4959358362731],[0.182491378362689,51.4965239883158],[0.183751235065009,51.497153899001],[0.182868261001597,51.4979113839165],[0.182920167125339,51.4986108583734],[0.182923043487266,51.4986496126777],[0.182264295911253,51.4990953485458],[0.182515176169594,51.4994000491939],[0.180180335665186,51.5013599340409],[0.180271768321775,51.5021725726907],[0.17853043795575,51.505274431266],[0.17410354688398,51.5079934774051],[0.172208816779667,51.5083301014574],[0.166202205356285,51.510674178506],[0.165002402903745,51.5116498456755],[0.163862869182584,51.511644775343],[0.163606385933079,51.5119197430142],[0.162531095473409,51.5116279471183],[0.159938961096818,51.5117633493742],[0.159528546308957,51.5119228820206],[0.15958340640759,51.5124152757669],[0.158756508323291,51.5122652083911],[0.15961339949936,51.5157710823359],[0.162282351387461,51.5213710895432],[0.162329976802079,51.522336270362],[0.16444905840584,51.5270143030845],[0.165962965775036,51.5287933739113],[0.168696354883914,51.5311908395653],[0.170789863690154,51.5326341010706],[0.17249553690431,51.5357773226739],[0.173882834430427,51.5373884270147],[0.175073248709193,51.5385129416451],[0.17657089623205,51.5392453445543],[0.178075658693201,51.5395414187208],[0.179232426985772,51.5402908377716],[0.180377631779663,51.5440966501617],[0.1826044479021,51.5458344889524],[0.18601364212704,51.5475359213298],[0.187493161398344,51.5501981405376],[0.189598191738071,51.551457072284],[0.190169028841709,51.5527208608335],[0.187881083994856,51.5540940012004],[0.186936385277378,51.5557831647568],[0.185865487146026,51.5563432151766],[0.184758725100155,51.5564089252228],[0.185039737914464,51.5567915805784],[0.184413098077479,51.5576532830222],[0.184791816200115,51.559875525301],[0.182665768712343,51.5612427068561],[0.183994548015001,51.5638519328395],[0.185179273154283,51.5647514913344],[0.185180463309676,51.5655130817138],[0.183481321442701,51.5646328254354],[0.178743970957364,51.5649408333398],[0.176117781458231,51.5647219905173],[0.173401352116817,51.5650930682388],[0.168540865226235,51.5635988830583],[0.16636792610052,51.5632718225604],[0.161893735700278,51.5616168728879],[0.154363765796302,51.5661131534935],[0.151310465967264,51.568084296868],[0.150414733712369,51.5678417583525],[0.148736447411088,51.5686376742018],[0.146703647684621,51.5687966333103],[0.146674855399834,51.5694310053041],[0.149736009898797,51.5697102819039],[0.148988109531544,51.5731491297406],[0.147944569813229,51.573124257535],[0.148039018161371,51.5757921371969],[0.147012279510983,51.5757076221071],[0.147452002377933,51.580812557477],[0.14856379433479,51.580775011088],[0.150973634032508,51.5838286630497],[0.151276598075538,51.5898836746609],[0.150619253152612,51.5913744331326],[0.151137669958092,51.5954512854076],[0.149879933900273,51.5970116756214],[0.148066115493633,51.5963564131536],[0.148153093952352,51.5967765483569],[0.147649118923652,51.5967943289267],[0.14820590165784,51.5989684642457],[0.149510112602879,51.6029042465235],[0.148618257531294,51.6044404192122],[0.148702061675442,51.6086977509096],[0.147540561512271,51.6122233520457],[0.145513450183006,51.6145345416146],[0.144374330471667,51.6168049672364],[0.138184235471144,51.6235453960564],[0.151073417666375,51.6232470428744],[0.155545015252706,51.6233404709587],[0.162530221812874,51.6225771840185],[0.162801932714823,51.6227925336015],[0.165840788023513,51.6223794465518],[0.16890129781848,51.6214201695658],[0.175303885291077,51.6235877397001],[0.180397231258125,51.6244726202286],[0.180612434833379,51.6257357203555],[0.181238047261213,51.6258265942297],[0.182784975586598,51.6257259331367],[0.185931858915748,51.6243733374692],[0.186268761256766,51.6245595494979],[0.185997113774138,51.625522345312],[0.188371546923765,51.6254133056216],[0.18940055171144,51.6244904191801],[0.189814527404496,51.6251041130994],[0.194775111046519,51.6257147410844],[0.200311572516926,51.6249357566968],[0.203614197353024,51.6251732493043],[0.208496660961782,51.6266876952223],[0.212251016379556,51.6269792932454],[0.212109364039914,51.6271870376774],[0.217546984560731,51.629093437236],[0.222076944786036,51.6301264408154],[0.224087730411796,51.6317377614501]]]},"properties":{"LAD24CD":"E09000016","LAD24NM":"Havering"}},{"type":"Feature","geometry":{"type":"Polygon","coordinates":[[[-0.494210180014142,51.631052313393],[-0.493480882577229,51.6305614340614],[-0.491526450108775,51.6307647509713],[-0.488177909365534,51.626962996707],[-0.478666488977238,51.622501716937],[-0.476695138061389,51.6218902235827],[-0.46915075929997,51.6168421597683],[-0.464451355443198,51.6147735485096],[-0.459742898262006,51.6131593468933],[-0.457130755473738,51.6122938890699],[-0.455347724742092,51.612701131985],[-0.448878700687709,51.6153253068172],[-0.445548334763496,51.6196247237504],[-0.44325573325963,51.6195027173757],[-0.440575301279442,51.6200732383835],[-0.438282252147841,51.6199223609643],[-0.432730160764855,51.6183485457115],[-0.428395647588457,51.6177521093106],[-0.426481434439677,51.6170070459713],[-0.420902666008495,51.6169331688129],[-0.416617279539307,51.6164250279123],[-0.411985221570793,51.6141826856553],[-0.411000788489722,51.6137917010683],[-0.404003977890064,51.6131839726247],[-0.403215759027032,51.6090989967392],[-0.401760469398902,51.6066197393515],[-0.402478037533898,51.6051903462881],[-0.402337877317186,51.6019398057436],[-0.401172349725285,51.5995605071009],[-0.39992651454445,51.5981789513959],[-0.400334603316673,51.5974161962944],[-0.39769618244992,51.5968808155259],[-0.396501870140447,51.5950527234307],[-0.396366445066841,51.5936159625007],[-0.395532851232754,51.5918844865376],[-0.395573576806697,51.5905935601608],[-0.395490674494017,51.5901938167569],[-0.394459472115783,51.590420406584],[-0.391984929059064,51.5882743635375],[-0.391044193673723,51.5830483172959],[-0.390978402327779,51.5816977634338],[-0.391563901542468,51.581559051105],[-0.388544818560857,51.5776857033657],[-0.387536201348649,51.5752527212504],[-0.388075351840062,51.5749917997125],[-0.385651517379384,51.5721336223829],[-0.386475786941669,51.5715534313032],[-0.385883078066173,51.5708974931874],[-0.383296018626681,51.5672799486546],[-0.382358611270806,51.5648308690813],[-0.382399541453545,51.5636010822359],[-0.381892290346184,51.5630766870671],[-0.38233243396987,51.5628796990634],[-0.380422439051526,51.5608568229896],[-0.380088715629006,51.5595858001673],[-0.380241090382526,51.5590476859232],[-0.377843376019978,51.5549770635102],[-0.377656412711582,51.5546995657334],[-0.385035861073688,51.5512586042035],[-0.392796401622069,51.5489689413701],[-0.394210632799448,51.5486144950032],[-0.394946979967999,51.5487312776824],[-0.394986043334604,51.548038708674],[-0.394879242969686,51.5476465813093],[-0.398706173814887,51.5478973597145],[-0.397890417634814,51.5456669270353],[-0.396540579884704,51.5459670729562],[-0.39634437286305,51.5457040606883],[-0.395285532006663,51.5425516328212],[-0.397831391499307,51.542329964419],[-0.405008718566556,51.5424900659195],[-0.416756112004966,51.5401592575733],[-0.418269884101982,51.5400930288092],[-0.419402613769689,51.5403900828504],[-0.419413609326482,51.5399332437801],[-0.418159934292837,51.5391540381944],[-0.419548090734817,51.5387062290109],[-0.419409329709237,51.5382914102594],[-0.417489782128102,51.5378387030789],[-0.417431210773785,51.5366461544399],[-0.415306149337927,51.5365565818344],[-0.414763950786028,51.535975869528],[-0.413819749243935,51.5357438398819],[-0.413487345767395,51.5347120225219],[-0.41222056534672,51.5344946850869],[-0.411845422020108,51.5340728128224],[-0.411049520079079,51.5342901849694],[-0.405321733528102,51.5332205900389],[-0.392648908258066,51.5314488412762],[-0.389276233506824,51.5308027094094],[-0.387115192662479,51.5295742113576],[-0.386642781660345,51.5303991543713],[-0.380996722618005,51.5294116942163],[-0.376371680549651,51.5288849019863],[-0.376145316078738,51.5249452053795],[-0.381788639446717,51.5186204239688],[-0.383429331370769,51.5174891940024],[-0.383430682302964,51.5174879617836],[-0.384947709027511,51.5163736841754],[-0.38911607191857,51.5146651690058],[-0.390422060131917,51.5132045617256],[-0.393513489171671,51.5070117288873],[-0.40023371074684,51.5042927083694],[-0.402859076450413,51.5035818364065],[-0.403819232556505,51.5029338442389],[-0.403833880792223,51.5029193913846],[-0.406918399587474,51.499666397136],[-0.409221185586189,51.5003295625121],[-0.40963795368194,51.4999359106597],[-0.410824254026211,51.4977394286179],[-0.41053842709551,51.4962068107808],[-0.411429611768479,51.4948583538546],[-0.411846360332265,51.4924365390241],[-0.412630495035642,51.4885281335225],[-0.413314897699202,51.4872243406825],[-0.413928076156038,51.4872201155145],[-0.414537371041991,51.4864428787346],[-0.414589867349905,51.4861695026285],[-0.413972371112925,51.4860774703962],[-0.414732909190859,51.4855691594707],[-0.416207131304551,51.4829604176149],[-0.41692034965768,51.4824628925043],[-0.416402112037153,51.4821086986522],[-0.41674675099563,51.4805712367647],[-0.414890863109542,51.4769085919992],[-0.41577488458582,51.4739385114732],[-0.414738221996228,51.4734217001014],[-0.412866178871015,51.4713396051264],[-0.411363360666867,51.4704983164105],[-0.41113166386798,51.4698875138532],[-0.420209163731638,51.4671420690877],[-0.420282077206307,51.4667813054154],[-0.421924734333478,51.4666240532399],[-0.433596848004709,51.4617176947799],[-0.436579316441717,51.4578514003482],[-0.434786162764005,51.4570946413417],[-0.434997243798071,51.4568836637486],[-0.441424059282673,51.4567775467668],[-0.443949638873137,51.4532905913539],[-0.449122696011472,51.4538057063441],[-0.453782881340728,51.4548534679463],[-0.453949876033812,51.455451993855],[-0.455421771421196,51.4556238975179],[-0.455363519486257,51.4552822900821],[-0.455735987025624,51.4552323141021],[-0.458723754309907,51.4563417400208],[-0.461113245329111,51.4571743995283],[-0.468764042358764,51.4578335586446],[-0.473617541485337,51.4585767285441],[-0.476054109765015,51.4600823247337],[-0.476481138422562,51.460595057229],[-0.475912440424056,51.4607922423229],[-0.477154075467776,51.4613753644896],[-0.48619975341885,51.4613666636627],[-0.489617451707073,51.4617956214182],[-0.492154235722143,51.4629883034629],[-0.493866101952904,51.4627634634345],[-0.496941186913499,51.4658495693354],[-0.498097277725186,51.4664407991776],[-0.501015709361946,51.4673144407033],[-0.504252974031127,51.4677662824224],[-0.506380359413811,51.4677518533917],[-0.507295325694769,51.46694357409],[-0.508788421574085,51.4671033022215],[-0.510241120496709,51.4675003477871],[-0.509807321692741,51.469207263699],[-0.50849877081596,51.469418430125],[-0.505942270589562,51.4724787215008],[-0.503494938672219,51.4805200375233],[-0.501955132674415,51.4828581439587],[-0.498699721684486,51.4860799050688],[-0.498996806746307,51.4867248604899],[-0.499675950001652,51.4868342373273],[-0.499024434028171,51.4878581977782],[-0.499169215876422,51.4885812127518],[-0.498307585240541,51.4884551116815],[-0.497978110137033,51.4888824920995],[-0.498629785052795,51.4892613969405],[-0.497382045763709,51.4898829703282],[-0.496650754037745,51.4898268500849],[-0.496761568359183,51.4904874017411],[-0.495986207409483,51.4905430843739],[-0.494942278304082,51.4913173740295],[-0.495348927702837,51.4920465404394],[-0.494830416382882,51.4926576566596],[-0.491444676643396,51.4930637190784],[-0.490116783229529,51.494578915093],[-0.490024731164425,51.4947476343761],[-0.489627338591989,51.495525783791],[-0.488702732485759,51.4959742724906],[-0.48902468302824,51.497367721417],[-0.489506678817567,51.4975609699402],[-0.488852671675367,51.4985596727854],[-0.489597588650347,51.4986448054288],[-0.489764829162995,51.4989895634957],[-0.488759525420495,51.5001977553745],[-0.487496398030058,51.5003586155767],[-0.487235553476811,51.5009689704583],[-0.4862629163842,51.5008633482739],[-0.486297608734147,51.5017720117714],[-0.485226935454765,51.5025791757932],[-0.484693041916118,51.5036005390496],[-0.48529156049607,51.5040178683769],[-0.484895757342036,51.5043733430592],[-0.485095648943368,51.5051663427137],[-0.483950090929856,51.5056874739103],[-0.483266374938188,51.5066408004726],[-0.483268224863511,51.507213629263],[-0.48402411224431,51.5076878525353],[-0.48359100657625,51.5080806079957],[-0.48585399694688,51.5098431066148],[-0.485535852064559,51.5100278072057],[-0.48978652323901,51.5115268277441],[-0.489921430798479,51.5134142426758],[-0.489560812101573,51.5140777104967],[-0.491199327048256,51.5152570397382],[-0.492329767424708,51.5170771624043],[-0.491631096332019,51.5188972053368],[-0.490366717444449,51.5201695043114],[-0.491173211463826,51.5212796778695],[-0.49052218356144,51.5224825600363],[-0.490256627097217,51.524585049279],[-0.490819364282009,51.5264437944159],[-0.489455604889582,51.527619511415],[-0.488973661709899,51.5290887439157],[-0.489886983581709,51.5304369232726],[-0.49012850555366,51.5320711943432],[-0.491188814012385,51.5332727220915],[-0.490481810396702,51.5341574616926],[-0.491207260895676,51.5343250132565],[-0.491595796808793,51.534917212542],[-0.493328796553323,51.5358369175953],[-0.49548974434616,51.5384292051746],[-0.493584924005186,51.5410053655918],[-0.491806813320703,51.541573231912],[-0.492098080580767,51.5424483388242],[-0.491074733262535,51.5445312736857],[-0.490782112817112,51.5450419253948],[-0.491564434879796,51.5453288666394],[-0.491392581552945,51.5460775628676],[-0.489311370782817,51.5463834974919],[-0.489514221844471,51.5471809735509],[-0.488148901429543,51.5474304764992],[-0.486597107292304,51.5500344688509],[-0.484227716383995,51.5514551779618],[-0.482664861360182,51.5515222526255],[-0.478882100802227,51.5548362747227],[-0.477784298092541,51.5548382089473],[-0.477329883021475,51.5552720832683],[-0.476595819817008,51.5580311852176],[-0.476986931705237,51.5596252765524],[-0.477518912026973,51.5602823164539],[-0.480421055378501,51.560814481341],[-0.481040707828238,51.5607056439611],[-0.480752350677791,51.5617809361181],[-0.482793741222473,51.5628216670497],[-0.482245240435,51.5639152603494],[-0.483221553434395,51.5651400558323],[-0.482578819452941,51.5657261350855],[-0.484762571793146,51.56687115375],[-0.484012855777258,51.5711957221931],[-0.485061222329002,51.5722991674611],[-0.485533844261732,51.5738410504324],[-0.484541753875331,51.5742958849802],[-0.484026266081064,51.5751273259548],[-0.488060351626916,51.5764580340244],[-0.488120815477178,51.5769416440552],[-0.488935439625814,51.5772713506259],[-0.48946612053725,51.578154935671],[-0.488553064489496,51.5796188295664],[-0.489602980617373,51.5817724933395],[-0.494825295709162,51.5847772579626],[-0.494941539394957,51.5865466395099],[-0.49574126561331,51.5881160398712],[-0.497209494067828,51.5893389023286],[-0.497912383295883,51.5909610738609],[-0.498822083760922,51.5912182113508],[-0.498620530740637,51.5919017193028],[-0.499542328397435,51.5921428243313],[-0.498782490579854,51.5930763892543],[-0.498568487558822,51.5944440243722],[-0.499401600021716,51.5953152441763],[-0.499634636476258,51.5967032382661],[-0.500544826185814,51.5985220420138],[-0.500595886737316,51.5996898986458],[-0.500827277038045,51.6002503758403],[-0.500169839989581,51.6012284186599],[-0.499231467220527,51.6013715457564],[-0.498117513597482,51.6009103970275],[-0.497385262759285,51.6009594796298],[-0.496676942360353,51.6014207036741],[-0.496257603641733,51.6024440352721],[-0.49711034664165,51.6031635301863],[-0.497200381387699,51.604810241735],[-0.498562120178398,51.6083125548447],[-0.499214909481778,51.6088811068051],[-0.498377553874772,51.6094024686455],[-0.498934567264451,51.6101604310129],[-0.498939388796522,51.6110651003514],[-0.497775375185582,51.6144321560368],[-0.497033626983844,51.6148758700868],[-0.495321906681722,51.6189375451024],[-0.4968685670868,51.6205237728091],[-0.499111058443274,51.6210328056009],[-0.500148673577685,51.6220718781112],[-0.500047387696966,51.62365409398],[-0.498370277589076,51.6247440907208],[-0.497635161966895,51.6266176409299],[-0.500147340423195,51.6286397023834],[-0.499965026435791,51.6291733043795],[-0.499261609188921,51.6304798524868],[-0.497127638653444,51.6316791106854],[-0.496147547043516,51.6317362556644],[-0.495524794108788,51.6311685214681],[-0.494210180014142,51.631052313393]]]},"properties":{"LAD24CD":"E09000017","LAD24NM":"Hillingdon"}},{"type":"Feature","geometry":{"type":"MultiPolygon","coordinates":[[[[-0.326393087573391,51.4608910466797],[-0.326393507395222,51.4608855096818],[-0.326431629146651,51.4609192272544],[-0.326393087573391,51.4608910466797]]],[[[-0.323685889149201,51.4651174725347],[-0.324339632665799,51.4645666343785],[-0.323989114919517,51.4649818122554],[-0.323710137750819,51.4651066234896],[-0.323685889149201,51.4651174725347]]],[[[-0.321735939727372,51.4653628012978],[-0.322575004039864,51.4653412678077],[-0.321737472892495,51.4653642962179],[-0.321735939727372,51.4653628012978]]],[[[-0.319775972807438,51.4706804555108],[-0.320907288566913,51.4659823178702],[-0.32129999589734,51.4668746042213],[-0.321219446746203,51.4695613233583],[-0.320469082621924,51.4704696172664],[-0.319775972807438,51.4706804555108]]],[[[-0.297668853644578,51.4852223187788],[-0.298568514580154,51.4841123403349],[-0.29903900198016,51.4846672667938],[-0.298651083818592,51.4845152591702],[-0.298112306470681,51.4848493291138],[-0.29843689053787,51.4850366785213],[-0.297892833795384,51.4852280890686],[-0.297889192520987,51.485229369858],[-0.297749237110034,51.4852786093613],[-0.297624608081035,51.485276905383],[-0.297667537218587,51.4852239426422],[-0.297668853644578,51.4852223187788]]],[[[-0.280426226075598,51.4847965634769],[-0.280799184729689,51.4847220171589],[-0.281799392857364,51.4853553707036],[-0.280426226075598,51.4847965634769]]],[[[-0.244779454490665,51.4880006360864],[-0.247566423995083,51.4865414212684],[-0.246235610853322,51.4875903141663],[-0.244907411777773,51.4881756589558],[-0.244477991114727,51.488273998848],[-0.244779454490665,51.4880006360864]]],[[[-0.280772402092,51.5028475273753],[-0.277402382334547,51.4990864619229],[-0.274176319018755,51.4972927919943],[-0.272401695976202,51.4961562082685],[-0.271303045031441,51.4948013563848],[-0.269061038858674,51.4940263209257],[-0.267676633366511,51.4939192512037],[-0.261483309223535,51.494641320646],[-0.255422123395226,51.4949783438977],[-0.255606406879975,51.496033357025],[-0.252771583657548,51.4998884971779],[-0.253040909966186,51.5014223342239],[-0.251290048414711,51.4998583601625],[-0.249203165323049,51.4969498993697],[-0.245929225229688,51.4981413308624],[-0.245238856675817,51.4983063553719],[-0.24498272220723,51.4978967460234],[-0.244419991253253,51.4979389124486],[-0.245565857109029,51.4900526460943],[-0.244942229294421,51.4890016985478],[-0.24451713921975,51.488702205231],[-0.247638033090757,51.4873410393304],[-0.249713346511328,51.4856935360615],[-0.249430245279678,51.4855638647573],[-0.251401184465005,51.4821782819246],[-0.251528006063237,51.477334450797],[-0.252697152941449,51.47505827993],[-0.25465189688673,51.4729080141478],[-0.258065991599084,51.4716593125862],[-0.262135076139299,51.4713572419645],[-0.265678740766768,51.4719240444414],[-0.269125135946822,51.4735505285817],[-0.273062253676309,51.4769681185059],[-0.273419111347364,51.477590257443],[-0.275271565499551,51.4808194957799],[-0.276716500370242,51.4833380069613],[-0.281565624776101,51.4862871597497],[-0.286444158997584,51.4874956413545],[-0.287249571787035,51.4879314068689],[-0.287419998761071,51.487656066785],[-0.287446558347857,51.4876131574173],[-0.29246184737579,51.4874637752075],[-0.292666487964432,51.487394345203],[-0.298851188389534,51.4852957532123],[-0.299015550024827,51.4853062062937],[-0.300401978823454,51.4839770461315],[-0.299966155102813,51.484135747786],[-0.299717357017977,51.4832580510421],[-0.300506280910718,51.4837938380008],[-0.301419643566376,51.4833768622793],[-0.300362665544346,51.4835079564147],[-0.300182139329026,51.4831685637459],[-0.301018237405761,51.4829931762077],[-0.303394335185601,51.4825936670033],[-0.304205643154527,51.483222298006],[-0.305088070374836,51.4826707593625],[-0.306273189577842,51.4827926420151],[-0.304863917245117,51.4822963825956],[-0.304022434109203,51.482958411292],[-0.304384941608407,51.4821736428588],[-0.300090794900859,51.482700518152],[-0.300928659769566,51.4817018735286],[-0.303537537149551,51.4798974757339],[-0.304118608429246,51.4796068711793],[-0.30466779992558,51.4799237100402],[-0.304277874919713,51.479603328629],[-0.304648075122245,51.4796010364277],[-0.304463100208062,51.4791325403417],[-0.305213651866614,51.4782706460742],[-0.305750249258055,51.4783440455448],[-0.305357507496577,51.4781387334365],[-0.306175135457294,51.4769617093986],[-0.307066052835895,51.4770446264179],[-0.306264366546903,51.4768658769226],[-0.306930916350892,51.4762095919569],[-0.308073590263858,51.4756447050772],[-0.308041046179009,51.4758627580488],[-0.308748909036499,51.475879713042],[-0.308233813119794,51.4755759742521],[-0.309314150662648,51.4750214252512],[-0.30958681473946,51.4752416266004],[-0.309351238079197,51.4749725008965],[-0.309765992562579,51.4751664236192],[-0.309507088825394,51.4749050553143],[-0.310104001396786,51.4749235500241],[-0.309993236694313,51.4746670151125],[-0.310616580929483,51.47492508991],[-0.31024962371033,51.4745286272883],[-0.310662544855287,51.4746941939083],[-0.310625878190218,51.4743807250179],[-0.311151968172075,51.4747183288916],[-0.310716413385483,51.474327174628],[-0.311318477587845,51.474557062276],[-0.311309301329686,51.4741423736526],[-0.311651565959442,51.4744472031058],[-0.311336593435763,51.4740856639586],[-0.311845620076269,51.4743393883273],[-0.311460470930404,51.4740065147076],[-0.312032288119697,51.4742170788416],[-0.31164348759516,51.4739246197328],[-0.312017079611213,51.473751045923],[-0.312467364494379,51.4739967280488],[-0.312171291136956,51.473708302731],[-0.312711985422259,51.4738842439448],[-0.312469974892922,51.4736721346134],[-0.312959625449747,51.473748422139],[-0.312903510373546,51.473512909368],[-0.313445725858076,51.4739015428378],[-0.313100772503876,51.4734545976895],[-0.313880791919316,51.4734662647854],[-0.313856170071864,51.4731965839625],[-0.314206493909516,51.4734588072332],[-0.313918302869092,51.473190732875],[-0.314300078932249,51.4732636653041],[-0.314290539586241,51.4730535521883],[-0.3147169413047,51.473400498158],[-0.31441885917653,51.47297086666],[-0.316000143964369,51.4724633834158],[-0.316248928493035,51.4726599356843],[-0.316196519334359,51.4724015467219],[-0.319046240654232,51.4715006725443],[-0.319066203178041,51.4714943617543],[-0.320198710395752,51.4713042996091],[-0.321446013955583,51.4704894499813],[-0.322532386022837,51.470685745068],[-0.322486128831666,51.470474657842],[-0.321497404720767,51.4704034074973],[-0.322233578524099,51.4690371834751],[-0.321774169058415,51.4654317951065],[-0.322901717117316,51.4653657560728],[-0.323453977352303,51.4653334064436],[-0.323514029036673,51.4653298883641],[-0.324037805499754,51.4650424208893],[-0.324824785931235,51.464368436178],[-0.325205783547585,51.4638367966553],[-0.325343873296781,51.4637204372582],[-0.325716053946399,51.463124752369],[-0.326777994434598,51.4616428152187],[-0.326861258371947,51.4612917160872],[-0.326886287042126,51.4612516536725],[-0.326877324873667,51.4612451006262],[-0.326892872521222,51.4611584088897],[-0.326437229594522,51.4608636956417],[-0.326739097422449,51.460052725057],[-0.326482458281992,51.4605318688078],[-0.326410054676839,51.4606670432488],[-0.326513406711705,51.4593024652394],[-0.325588217827617,51.4580808621088],[-0.326934014640788,51.457010898985],[-0.328455258887979,51.457999095031],[-0.330373639818618,51.457933566535],[-0.331400259935538,51.4573568789254],[-0.333027908582819,51.4553783475546],[-0.333616069775311,51.4552400726575],[-0.333692637193721,51.4554909237007],[-0.33627331434432,51.4556789083336],[-0.336982324195838,51.4546481885414],[-0.337512639549886,51.4547671980055],[-0.337736793521605,51.4554752597119],[-0.338548700277405,51.4560992557628],[-0.338953300500773,51.455881017194],[-0.340644811569025,51.4572689071401],[-0.340111328286192,51.4592412556223],[-0.341706616118169,51.4590172879508],[-0.342735402175869,51.4580717794148],[-0.345289190489759,51.4578593815009],[-0.346024097188038,51.4572598739348],[-0.348569300602764,51.4567646671116],[-0.352810773187725,51.4568638208737],[-0.353487090513193,51.4581802370447],[-0.355812842546929,51.4583807045841],[-0.359854797465852,51.4582018559819],[-0.362636099233493,51.4576832692045],[-0.364419302861009,51.4575872315904],[-0.36503235055546,51.4578055839788],[-0.367837401588697,51.4574249216221],[-0.368435236749007,51.4568626131562],[-0.369564447011299,51.4569676508617],[-0.369570162557889,51.4569681844571],[-0.372439929994924,51.4572354155837],[-0.372687650270116,51.4569976479221],[-0.373024056271843,51.4574730203045],[-0.375258068480552,51.4562711366328],[-0.383751479151189,51.4495061829907],[-0.384490171047228,51.4498948963532],[-0.387786648191089,51.4493713172204],[-0.386257004588281,51.4481240822175],[-0.386223447876444,51.4467121001041],[-0.382905141601064,51.4450951336479],[-0.379747633102291,51.4443217421431],[-0.379546064371273,51.4431036722474],[-0.378205143117411,51.4424842929923],[-0.377126285412797,51.4424596270295],[-0.375926680168315,51.4430871186987],[-0.373881385979297,51.443033978963],[-0.37307817455589,51.4436692776221],[-0.367098818227581,51.4417006797991],[-0.366823470215651,51.4416233263017],[-0.377761461379696,51.4368194162888],[-0.377871941022836,51.4362797841464],[-0.37609256289144,51.435506267829],[-0.376157260562842,51.4354671463239],[-0.383150312332945,51.4322384445112],[-0.387726274714751,51.4288877273969],[-0.387934644192034,51.4286236365479],[-0.387103166507676,51.4281760160043],[-0.388057123788859,51.4278496953732],[-0.388387260380427,51.4279972704624],[-0.384081926037091,51.4226923923139],[-0.384951484237788,51.4212588662029],[-0.385430928192615,51.4206290155842],[-0.391019331671074,51.4231458321575],[-0.392754332190993,51.4234436086864],[-0.392912348231466,51.4232769175458],[-0.39131707100993,51.4223154118767],[-0.394511657485767,51.4232382782889],[-0.398112219660125,51.4235564501956],[-0.401759735010021,51.4233122011115],[-0.405361519526498,51.4224799819693],[-0.407775633374297,51.423578389673],[-0.408441393437487,51.4238347478796],[-0.409006533109657,51.4254511801596],[-0.410868379205712,51.4273423254811],[-0.413086017775112,51.4278552909721],[-0.412452594196594,51.4287818975866],[-0.414352303011755,51.4292958317008],[-0.413806058184536,51.4300752972818],[-0.417900391369536,51.4310280393694],[-0.417294140034465,51.4319181779923],[-0.418356202174201,51.4318667918754],[-0.418583730845841,51.4321099649615],[-0.419078640341703,51.4323594356569],[-0.421153880112781,51.4321715193348],[-0.423579568058236,51.4311610490153],[-0.423498704137031,51.4308776011312],[-0.427485561864324,51.4308195783667],[-0.427831380170741,51.4292523685952],[-0.429424721185525,51.4293950423441],[-0.429534400842161,51.4287976166233],[-0.432639793866264,51.4290180740907],[-0.439983256299083,51.4306264500554],[-0.439752292782007,51.4346195966386],[-0.447716870984933,51.4350029824266],[-0.446288585067704,51.4399964192609],[-0.453660346816655,51.4384940756072],[-0.456475091199213,51.4382245454754],[-0.455391174524668,51.4421192253704],[-0.457443722592711,51.4429987879986],[-0.457461624027761,51.4490906299151],[-0.46148169282775,51.4489923766646],[-0.461319944712023,51.4523912628267],[-0.459838360775427,51.4522395478114],[-0.459294048144444,51.4527153348849],[-0.458723754309907,51.4563417400208],[-0.455735987025624,51.4552323141021],[-0.455363519486257,51.4552822900821],[-0.455421771421196,51.4556238975179],[-0.453949876033812,51.455451993855],[-0.453782881340728,51.4548534679463],[-0.449122696011472,51.4538057063441],[-0.443949638873137,51.4532905913539],[-0.441424059282673,51.4567775467668],[-0.434997243798071,51.4568836637486],[-0.434786162764005,51.4570946413417],[-0.436579316441717,51.4578514003482],[-0.433596848004709,51.4617176947799],[-0.421924734333478,51.4666240532399],[-0.420282077206307,51.4667813054154],[-0.420209163731638,51.4671420690877],[-0.41113166386798,51.4698875138532],[-0.411363360666867,51.4704983164105],[-0.412866178871015,51.4713396051264],[-0.414738221996228,51.4734217001014],[-0.41577488458582,51.4739385114732],[-0.414890863109542,51.4769085919992],[-0.41674675099563,51.4805712367647],[-0.416402112037153,51.4821086986522],[-0.41692034965768,51.4824628925043],[-0.416207131304551,51.4829604176149],[-0.414732909190859,51.4855691594707],[-0.413972371112925,51.4860774703962],[-0.414589867349905,51.4861695026285],[-0.414537371041991,51.4864428787346],[-0.413928076156038,51.4872201155145],[-0.413314897699202,51.4872243406825],[-0.412630495035642,51.4885281335225],[-0.411846360332265,51.4924365390241],[-0.411429611768479,51.4948583538546],[-0.41053842709551,51.4962068107808],[-0.410824254026211,51.4977394286179],[-0.40963795368194,51.4999359106597],[-0.409221185586189,51.5003295625121],[-0.406918399587474,51.499666397136],[-0.389375031127265,51.4951579350217],[-0.386575408414563,51.4946852990474],[-0.384546938967056,51.4946830551931],[-0.381841111112896,51.4952239999719],[-0.377876677159829,51.4966066454792],[-0.377903011367198,51.4954693003247],[-0.375823922335663,51.4953916108452],[-0.375012564856431,51.4939960252446],[-0.373809044711411,51.4919601492431],[-0.37249726445803,51.4910277041521],[-0.371919091997922,51.4909905553857],[-0.371851047191365,51.4904761549128],[-0.367912694991677,51.4917891591151],[-0.368354836430718,51.492298900671],[-0.366986978925952,51.4928033785343],[-0.365794059745001,51.4936539066133],[-0.365363324880322,51.4933136768236],[-0.363734025283402,51.4946959784486],[-0.363117893266542,51.4958757777258],[-0.36187789583015,51.4960874183171],[-0.358052570966066,51.497767974407],[-0.350619148399036,51.4991066570781],[-0.349708960195708,51.4989814550508],[-0.342278725726975,51.4959877947085],[-0.335264555913964,51.496157912716],[-0.331231243629166,51.4955095577543],[-0.329945002137216,51.4950205315316],[-0.327341220314482,51.4960024130722],[-0.326127384627688,51.495003655658],[-0.324675743393902,51.4959937592392],[-0.323898551965763,51.4957165614759],[-0.323414300516202,51.4958965878765],[-0.31918147076384,51.494217300145],[-0.315794343146763,51.4959073462949],[-0.31528026854231,51.4955548539354],[-0.315712070935597,51.495348247441],[-0.31446791118935,51.4943572972709],[-0.315085314491169,51.4939643848471],[-0.314388695555614,51.4934571216358],[-0.313884658435713,51.4936080917017],[-0.311911168808834,51.4919714576592],[-0.308405375534104,51.4935741223266],[-0.305431203745424,51.4945373621448],[-0.305851829897637,51.4961828825053],[-0.301377122233943,51.495194213918],[-0.301132918675038,51.4944055623441],[-0.297537161815247,51.4948847143544],[-0.299946959438523,51.4978560126734],[-0.300669386722828,51.4993292247146],[-0.293897823008893,51.5015775552208],[-0.288668716199761,51.5008324169837],[-0.285711510361579,51.500783729505],[-0.280772402092,51.5028475273753]]]]},"properties":{"LAD24CD":"E09000018","LAD24NM":"Hounslow"}},{"type":"Feature","geometry":{"type":"Polygon","coordinates":[[[-0.117551176826914,51.5741419836411],[-0.115550981531812,51.572581254371],[-0.116080307943225,51.5721843585676],[-0.115701333599976,51.5720164882987],[-0.115019872269648,51.5705899253403],[-0.110690523650188,51.568612868029],[-0.104884456446495,51.5646713059149],[-0.104373934561655,51.5647666575849],[-0.0995655128000316,51.5615627978647],[-0.0985857950207302,51.560813933077],[-0.0960169171182377,51.5612154561409],[-0.0917168676312077,51.5602014858924],[-0.090396922359362,51.5575741741988],[-0.0903561415772903,51.5541514256607],[-0.0892863311338298,51.5537408702373],[-0.0885541811426647,51.5539405275973],[-0.0875649412474154,51.5528447185948],[-0.0853985195898088,51.5521342023458],[-0.0819426570954354,51.5520633100949],[-0.0793990012001615,51.5516726911204],[-0.0776773911258274,51.5494830091827],[-0.0763260847021879,51.5472035730605],[-0.0766852527790431,51.5460865945842],[-0.0837895244222328,51.5465852346987],[-0.0835763215344581,51.5451729845525],[-0.0865615248399922,51.5373671654901],[-0.0865633983715774,51.5373022716387],[-0.0896889912178029,51.536043227346],[-0.0931472868596807,51.5343988062644],[-0.0970323369192637,51.5330033394181],[-0.0951040536203394,51.5300841047485],[-0.0953731283192781,51.5292060090243],[-0.091481256765629,51.5282085153029],[-0.0887313776452328,51.5274525128514],[-0.0878320627243553,51.5262417890871],[-0.0869767742512281,51.525767762695],[-0.0850097924274718,51.5262376352971],[-0.0847453063163075,51.5254292212608],[-0.0854635958760204,51.5245386658991],[-0.0851190407648479,51.5244573079721],[-0.0852014968581625,51.523944518855],[-0.0842141608271471,51.5239300155637],[-0.0852326450965759,51.5203483962659],[-0.0861997313420188,51.5188121086316],[-0.0899830674427748,51.5199733243528],[-0.0896733279549815,51.520718976064],[-0.0923602467795468,51.5210356112327],[-0.0924983781743811,51.5214729029003],[-0.0943185680833211,51.5214848929555],[-0.0950902105204137,51.5231090777363],[-0.0964153698729621,51.522831671003],[-0.0967586335163996,51.5233140387514],[-0.097945359231051,51.5228744250753],[-0.0973850105007348,51.5215920920749],[-0.0975725268688324,51.5211747556566],[-0.0976628509490756,51.5207125094027],[-0.100252195422361,51.5201290460535],[-0.101749478414867,51.5196829074904],[-0.105290341558648,51.5185548578323],[-0.10700150504442,51.5221837513426],[-0.108238180531229,51.5220870237213],[-0.10896954375494,51.5230198929364],[-0.11236382231395,51.5237161188056],[-0.113627431450157,51.5245663896952],[-0.114229005936754,51.5254825584562],[-0.11291918547122,51.5264088150684],[-0.115451101817419,51.527757860393],[-0.115925682086207,51.5298315597524],[-0.119838911111641,51.5309471835389],[-0.122563726204788,51.5307531134212],[-0.122399839076584,51.5370495791388],[-0.125064221994798,51.5411429771105],[-0.126357378664673,51.5450585963287],[-0.127079037829745,51.547530197181],[-0.12910281703075,51.5488366021527],[-0.130127780258333,51.5496117309969],[-0.13072064597366,51.5506724836091],[-0.130991514299285,51.5514832598498],[-0.134082277774744,51.553389821638],[-0.135303748671231,51.5546384450454],[-0.136987309045876,51.5552616232106],[-0.138419158853717,51.5568681617549],[-0.139426987011815,51.5582422238847],[-0.141034701474325,51.5605000342293],[-0.140627152838409,51.5644594268705],[-0.14239561120072,51.5691060019668],[-0.140631972825196,51.5694284053169],[-0.138308605690534,51.5705940136016],[-0.133385080843479,51.5728751845254],[-0.131138788998908,51.5735929930079],[-0.127566925850632,51.5741469411454],[-0.124861081757225,51.5740921504472],[-0.123784663310148,51.5746469404413],[-0.119873002807983,51.5754705230314],[-0.119534587269282,51.575506765326],[-0.118876825460692,51.5747308220161],[-0.119554521778125,51.574380449896],[-0.117551176826914,51.5741419836411]]]},"properties":{"LAD24CD":"E09000019","LAD24NM":"Islington"}},{"type":"Feature","geometry":{"type":"Polygon","coordinates":[[[-0.22756201378156,51.5301545992211],[-0.227659506765089,51.5299143220922],[-0.225433971441795,51.5301603013706],[-0.223728265491944,51.5299467910539],[-0.217791000545462,51.5286004244015],[-0.216020723983129,51.527920360249],[-0.21549666909487,51.5267185870776],[-0.212960661863203,51.52688394278],[-0.207297353929911,51.5262345157409],[-0.206017430034413,51.5258542108062],[-0.203953081013443,51.5235327279873],[-0.201625846701851,51.5227421489335],[-0.200620363638551,51.5207117799079],[-0.202649698006663,51.5208947467866],[-0.203742321009568,51.5206243246734],[-0.201449310818032,51.5178042330809],[-0.200765178561406,51.5179838614387],[-0.199907498009142,51.5168401945293],[-0.199171143961617,51.5145409773787],[-0.195052992094996,51.5150401067145],[-0.194004101884694,51.5117006870548],[-0.192915313999014,51.5118428636856],[-0.192123026589169,51.5098777386719],[-0.189079662133421,51.5101238446144],[-0.187859378088,51.5101947167436],[-0.184204941023171,51.5017888524153],[-0.180311745243243,51.5014622342186],[-0.179523790495782,51.4977811999358],[-0.173418772260889,51.4982311819805],[-0.168149601678426,51.4990332262627],[-0.167578430986111,51.4982804215346],[-0.165718041043788,51.4992190700843],[-0.165419106384145,51.4986854876498],[-0.162645857685283,51.5002297524341],[-0.160900957801054,51.5016769308879],[-0.158457848304668,51.5022261968961],[-0.157872281859908,51.4990035349136],[-0.156056937706088,51.4977756229234],[-0.155248805698977,51.4950540493716],[-0.155778957935669,51.4947199124768],[-0.155978849547772,51.4944629954911],[-0.154973307336501,51.4938262892371],[-0.155962988061772,51.4932005305742],[-0.154742871175929,51.4919711717561],[-0.155800936370808,51.4914645586075],[-0.155169196968643,51.4900390378154],[-0.155834442321332,51.4896139833739],[-0.150160100799982,51.4860367426476],[-0.150023801162345,51.4854624319559],[-0.163771181661117,51.4836373685652],[-0.163774238420258,51.4836369622996],[-0.16378022447888,51.4836361675562],[-0.175759293976535,51.4816197791138],[-0.177682134129641,51.4803506917247],[-0.17751415416621,51.4801025831619],[-0.179262186029739,51.4779939912427],[-0.180816283019759,51.4779160435822],[-0.182162460543091,51.4773851233162],[-0.183717737563274,51.4774310161456],[-0.183805527855666,51.4774336059909],[-0.183876303255074,51.4774431317481],[-0.186521019063067,51.4798688451479],[-0.188262412705968,51.4809666762654],[-0.19077081676291,51.483165686506],[-0.193630274569299,51.4858905019148],[-0.195906065404788,51.4873707105146],[-0.196405191810415,51.4871869018364],[-0.197966108552929,51.4879071841827],[-0.202364641392252,51.4916615386255],[-0.201833011307257,51.4918452953471],[-0.203085508305625,51.4933714670801],[-0.20733489853243,51.4961527942183],[-0.207951410590124,51.4960315668214],[-0.210504590283717,51.4983468511015],[-0.213440028889613,51.5001774665915],[-0.215028905986165,51.502185301436],[-0.216976653096357,51.504466149606],[-0.217001985360401,51.5045041715512],[-0.217975379717538,51.5061431105204],[-0.215938670705129,51.506400335939],[-0.21611922117336,51.5075212021927],[-0.215197890345675,51.5076513520936],[-0.215541653076812,51.5083920444881],[-0.215813858155986,51.50915345265],[-0.216452382074861,51.5091126499001],[-0.217190220202911,51.5103992438768],[-0.218043289167948,51.5102242389612],[-0.217847732543837,51.5097526992018],[-0.219315925780897,51.5095542975641],[-0.220235964075799,51.5117327975875],[-0.222464368050734,51.5154070123675],[-0.22654329333555,51.5195770779274],[-0.228276943623204,51.5210951812624],[-0.226696960668858,51.5219392475958],[-0.22656793126906,51.5246259086028],[-0.227229453930617,51.5247772390701],[-0.227429972121213,51.5279963598706],[-0.228730175524929,51.5299056451657],[-0.228440758153743,51.5303191562848],[-0.22756201378156,51.5301545992211]]]},"properties":{"LAD24CD":"E09000020","LAD24NM":"Kensington and Chelsea"}},{"type":"Feature","geometry":{"type":"Polygon","coordinates":[[[-0.251156453118063,51.4223903958783],[-0.249651145906568,51.4185653036005],[-0.249520611777482,51.414775849916],[-0.247157795613144,51.4096067400533],[-0.247483474170963,51.4084788041965],[-0.24702184888123,51.4078469625725],[-0.245818587038421,51.4075610387992],[-0.245336450507355,51.4070702850427],[-0.244703374362305,51.4038553215381],[-0.24522590265169,51.4017552551783],[-0.246816434841592,51.4005082357859],[-0.246726763858157,51.3986185483261],[-0.247406743509032,51.3975695719535],[-0.246893119034303,51.3971078648502],[-0.244672198866986,51.3947242179802],[-0.241707851567578,51.3938969358488],[-0.240094785343288,51.3911878356792],[-0.239691091190174,51.3892739323285],[-0.238730295207436,51.3860881825436],[-0.241638610666307,51.3844948020123],[-0.243232236749675,51.3825969677177],[-0.24427892294775,51.383066034374],[-0.244940588211468,51.3806462805645],[-0.245027866580531,51.3800591554688],[-0.248473134757924,51.3800592342108],[-0.251855991990156,51.3789615474778],[-0.253882339585554,51.3787485040858],[-0.258211975143256,51.3789186046488],[-0.260991332915542,51.379595673917],[-0.262267173534486,51.3774100179725],[-0.264623840046074,51.3756162582769],[-0.269040310104722,51.3735373133568],[-0.27244582790641,51.3722467417846],[-0.273462254930149,51.3716092506631],[-0.274022551853225,51.3706552821872],[-0.275832391300465,51.3700137733847],[-0.276560062628712,51.3688077459618],[-0.279819388836289,51.3678250888166],[-0.282161781469282,51.3659997534709],[-0.284071129097295,51.3651500235484],[-0.287199548589013,51.3625394047912],[-0.288395626599499,51.3621599530413],[-0.285210052743086,51.3611915779588],[-0.287018686644174,51.3593978410581],[-0.289008414827386,51.3587448050162],[-0.291199885866217,51.356577222703],[-0.291329995960083,51.3550868178169],[-0.292697986139606,51.3536571640621],[-0.292882670548092,51.3523507269466],[-0.299230749741224,51.3483693364762],[-0.301376941291102,51.3453029408354],[-0.304065646686288,51.3431716513728],[-0.305385030571139,51.3395587111363],[-0.305062772223965,51.337814634487],[-0.305135065101119,51.3363508410086],[-0.30618917299884,51.3350755647039],[-0.30761218961433,51.3346076990427],[-0.310929454278381,51.3323893960177],[-0.313692682687823,51.331414861887],[-0.316741565315754,51.3291458801178],[-0.318955380094986,51.327956487283],[-0.323946901864069,51.3267160648172],[-0.327140919810089,51.3266951756198],[-0.327410431581052,51.3262940076894],[-0.328222223353321,51.3264681826619],[-0.330115429028617,51.3275172663499],[-0.330655551869037,51.329009638114],[-0.329092769011158,51.3302624662662],[-0.329695128024568,51.3327646581784],[-0.328955585873479,51.3402312948174],[-0.327883030922136,51.3437418695727],[-0.327457063136016,51.3440055684959],[-0.328153711774205,51.344039791473],[-0.330510146371957,51.3484194351447],[-0.327953895283763,51.3522106417154],[-0.323728750303053,51.3544113211658],[-0.321505261906821,51.3572085286427],[-0.319768281986379,51.3599281916644],[-0.318261315113004,51.3635045091519],[-0.318481506558764,51.365762189346],[-0.317897383198478,51.3697977947218],[-0.317481776739619,51.3719689813959],[-0.316670830797393,51.3731659765519],[-0.314318044952796,51.3746375670794],[-0.312651478126198,51.3747511356648],[-0.308671850631228,51.3754483211377],[-0.308434001890765,51.3758594258008],[-0.307869091759371,51.3783638463732],[-0.307365443633207,51.3783835450886],[-0.308494520730574,51.3805005791714],[-0.309253672384853,51.3804477020528],[-0.309500986998989,51.382432417044],[-0.310642202088745,51.384815638347],[-0.311740205976356,51.3857643963683],[-0.310809252619536,51.3862128496948],[-0.31323073989252,51.3887225223243],[-0.31599322782127,51.3875714291976],[-0.316737320533465,51.3887720668833],[-0.314111593459175,51.3902171633157],[-0.317697879461912,51.3936670793324],[-0.312929585463551,51.3970590516958],[-0.312108371837945,51.3981386663638],[-0.310289452731053,51.3996098430087],[-0.309498774898725,51.4001442787939],[-0.308733514756071,51.4022585732301],[-0.309048761744961,51.4091661977288],[-0.308469296712002,51.4135249712709],[-0.308252540115846,51.4153136210239],[-0.30593062819211,51.4212617047743],[-0.306706626551084,51.4230461324043],[-0.308361931519297,51.4250094262705],[-0.311054040219989,51.4267625736941],[-0.314430429140883,51.4282489129277],[-0.312903931530096,51.430256153727],[-0.310650913997973,51.4322095269603],[-0.309758432683688,51.4321387930449],[-0.308067540697836,51.4310729016532],[-0.308542761575097,51.4307805259594],[-0.306881882251474,51.4301500111129],[-0.306411012209388,51.4301574046184],[-0.305917554801736,51.4313612022899],[-0.301754172083702,51.430390833162],[-0.302079636232512,51.4311601206108],[-0.301593960146175,51.4314346811035],[-0.297677226510859,51.4286766701935],[-0.295483633547867,51.4276615223554],[-0.295430789425014,51.427037113077],[-0.294720818622335,51.426998038541],[-0.294792456201313,51.4264438922945],[-0.293394214716677,51.4265036126951],[-0.293009168924247,51.4289409372409],[-0.290616410459767,51.4289901643301],[-0.287790171458223,51.4227340182916],[-0.286559992341689,51.4201854927708],[-0.280399432687045,51.4218912859663],[-0.278579610178557,51.4233513726567],[-0.270905100636418,51.4295589195452],[-0.264549483902374,51.4329097527426],[-0.256318925603588,51.4363452136412],[-0.256186003261627,51.4366521509203],[-0.254066366518792,51.4372878642506],[-0.253088501444922,51.4352842028183],[-0.251280847100016,51.4342272018597],[-0.251085089413751,51.432557791518],[-0.252441767222631,51.4312062236852],[-0.253307115028818,51.4308384796986],[-0.254238567069917,51.4293020083168],[-0.252239244105153,51.4257020942907],[-0.252927898194788,51.4232137633971],[-0.251156453118063,51.4223903958783]]]},"properties":{"LAD24CD":"E09000021","LAD24NM":"Kingston upon Thames"}},{"type":"Feature","geometry":{"type":"Polygon","coordinates":[[[-0.111002562487437,51.5084922750919],[-0.110687379627812,51.5082385492159],[-0.108906173705697,51.5084244973424],[-0.108857461430635,51.5084260510195],[-0.10871351564232,51.507765366376],[-0.108165120586132,51.506922229892],[-0.107338698342433,51.5070721661968],[-0.106485998777198,51.5050629730083],[-0.106403248457154,51.5033666726851],[-0.107392358397182,51.5030356312674],[-0.106757424261746,51.5022096224697],[-0.106077481114859,51.5025242788621],[-0.105916627617627,51.5020333860956],[-0.10647423896944,51.5015707868122],[-0.108266979418785,51.5004426022444],[-0.110257746605117,51.496763291206],[-0.111466570957293,51.4964588678812],[-0.110934052373937,51.4954679912491],[-0.104852358393814,51.4935279334602],[-0.103272415150889,51.4912527721722],[-0.108460594138318,51.4858488361151],[-0.106359457173477,51.4848986121474],[-0.107189477364099,51.4836490712201],[-0.105612023384638,51.4829402040336],[-0.106018261091277,51.4826980486593],[-0.104033587799528,51.4809014058956],[-0.108209178745986,51.4802861676085],[-0.103573325567939,51.4783577650999],[-0.0999721845597207,51.476864060148],[-0.10065393018864,51.474447421586],[-0.0993647297693536,51.4726431603549],[-0.0988290607824423,51.4718716878164],[-0.0959751474112139,51.4698674301148],[-0.0941433093961678,51.470673100518],[-0.0936259850610647,51.4717351586312],[-0.0930151332399318,51.4720285685117],[-0.0927563656289627,51.4698694188292],[-0.0911507750355479,51.4675960376018],[-0.0900629319170935,51.4658306485354],[-0.0906577296434764,51.4633175035761],[-0.0922440563460276,51.4610584117482],[-0.0949473216830476,51.4587871996821],[-0.0958124670776835,51.4574150014369],[-0.101080293087612,51.4539272704411],[-0.101454142519827,51.4522163166063],[-0.100762530181985,51.450336114654],[-0.0999621460455648,51.4502728245113],[-0.0991342066409539,51.4489749631196],[-0.0960376933581986,51.446725926757],[-0.0950652565280574,51.4454120608314],[-0.0944265799750353,51.4432353589746],[-0.0928955395040948,51.4410815818409],[-0.0910192192332483,51.4375532018081],[-0.0893452317675668,51.4320171661938],[-0.0881978237940604,51.4293353183527],[-0.0859092487501567,51.4285044003789],[-0.0860750355372975,51.4278171149131],[-0.0851869745054043,51.4272995730433],[-0.0840349390102656,51.4256913375868],[-0.0834623720671021,51.4229968215806],[-0.0817344046773027,51.4233784109697],[-0.0808761077385236,51.4218597404027],[-0.0798353628001291,51.4221395523035],[-0.0789084667970877,51.4215682283846],[-0.0792173354281002,51.42086863215],[-0.0782876818800692,51.4206047134332],[-0.0785573671724678,51.4198742113104],[-0.0832183317756419,51.4197398396531],[-0.0862834570475534,51.4192837300297],[-0.0883375023055021,51.4200054964254],[-0.0927019705679706,51.422553813843],[-0.0948627058798435,51.4228202079837],[-0.0968830730116808,51.422670080871],[-0.105962230700077,51.422594331324],[-0.109259088108701,51.4231778555421],[-0.112632832695885,51.4232423747035],[-0.115592254616413,51.4206314240863],[-0.119813449955782,51.418801665657],[-0.122491042995267,51.4150269940447],[-0.124080514586188,51.4145969163381],[-0.124452089727923,51.4133654152154],[-0.12576501462844,51.4126313024215],[-0.126236483923793,51.4129295669506],[-0.126832475641387,51.4126989245434],[-0.127724902236922,51.4123163306016],[-0.12788253825179,51.4119990100089],[-0.13267970911943,51.4123458593668],[-0.133560060166767,51.4125797911117],[-0.133503224264562,51.4129390992197],[-0.134082522818334,51.4109912649195],[-0.13798690198434,51.4117707254888],[-0.142597576551947,51.4133480541222],[-0.144789248046352,51.4123890707405],[-0.148064535784428,51.4128701124716],[-0.147125644495259,51.4137568353205],[-0.144310995873561,51.4153449734933],[-0.1449843422781,51.4157913914755],[-0.14318984934952,51.4172810711208],[-0.140358848161646,51.4192637035847],[-0.137791699678717,51.421108380168],[-0.138866326253484,51.4243374804367],[-0.138368338384437,51.4304849042091],[-0.135255998790616,51.4303225915898],[-0.136464099062131,51.4338804149878],[-0.137884499247972,51.4337844098372],[-0.139765384553264,51.4357437903669],[-0.139938047971136,51.4369470962655],[-0.137659341390584,51.4385859357389],[-0.137232919854898,51.4397249689372],[-0.137475775318929,51.4401579069043],[-0.136979798665832,51.4402460380213],[-0.135931718469766,51.4420074389573],[-0.137979440726898,51.4416940241593],[-0.143610577448564,51.4418389617206],[-0.145464847497787,51.4450684187328],[-0.145576035836982,51.4460179359294],[-0.144813183140119,51.4484374488739],[-0.143116121447447,51.4497094793946],[-0.142285534925371,51.4509823240248],[-0.147704337009784,51.4523400599752],[-0.147352389580989,51.4529639898721],[-0.14814010330762,51.4564021881467],[-0.149376245139551,51.4593627583263],[-0.149694859272761,51.461291727163],[-0.150933201647102,51.4637973740946],[-0.151211614592545,51.4658611552256],[-0.150551491834348,51.4659487462731],[-0.150658802947856,51.4662912045093],[-0.150537817483623,51.4676280756505],[-0.143116955255333,51.470512616574],[-0.142704269112585,51.4700762406593],[-0.140418758150858,51.4715300068447],[-0.139785263891007,51.4713325195503],[-0.139306241780889,51.4715303523298],[-0.139489285297356,51.4717929818149],[-0.138326464852263,51.4719627320752],[-0.136904799699104,51.473088739722],[-0.135794146780679,51.4727114581676],[-0.134664497992621,51.4733401913503],[-0.134445897632089,51.4739624394341],[-0.13520708998533,51.4742915894545],[-0.13387647860239,51.4756943934906],[-0.130683537744401,51.4801793285046],[-0.129937287491489,51.48117352462],[-0.127481700381845,51.4820097136454],[-0.127056218266137,51.4835805738212],[-0.12630848820243,51.484471006524],[-0.128153514265536,51.4847318197234],[-0.128506848127153,51.4850426317885],[-0.128499539214331,51.4850453208723],[-0.128446300105987,51.4850649116544],[-0.126999150376349,51.4858164526704],[-0.12571611397971,51.4870068467843],[-0.124885072740546,51.4878578256867],[-0.124204750490972,51.4878544998163],[-0.122122039961002,51.4919002591201],[-0.121734610600853,51.4931474612827],[-0.121353582908502,51.4943739621287],[-0.119380608631458,51.5038144297128],[-0.119361076119007,51.5038486918328],[-0.118228889290303,51.505834612736],[-0.116844065492178,51.506953117878],[-0.115120220889926,51.5076601374745],[-0.111002562487437,51.5084922750919]]]},"properties":{"LAD24CD":"E09000022","LAD24NM":"Lambeth"}},{"type":"Feature","geometry":{"type":"Polygon","coordinates":[[[-0.0323841647314305,51.4930527824311],[-0.0293853732030738,51.4889378858952],[-0.0294467073652078,51.4885513238104],[-0.0291072488924238,51.4886234030645],[-0.0275537430187608,51.4872218002693],[-0.0248215319366139,51.4855326405429],[-0.024716402444271,51.4854842834584],[-0.0247131894855059,51.4854828066224],[-0.0251671125824954,51.4850232743177],[-0.0257621435476702,51.482150795929],[-0.0263652982651962,51.4815068251661],[-0.0232814386578737,51.4807808257972],[-0.0230401565984229,51.4796651929538],[-0.0203081845361445,51.4799137983744],[-0.0204008564119948,51.4802189684852],[-0.0178011379693778,51.4808732462131],[-0.0170900368128096,51.4804120960455],[-0.0170929243959963,51.4804077491515],[-0.0171015253255576,51.4803948054465],[-0.0191663595931525,51.4796505726847],[-0.019418268484612,51.478014167085],[-0.0198397473831654,51.4780484483137],[-0.0192881290301847,51.4776178089487],[-0.0193876311137883,51.4771895403797],[-0.0200508989206046,51.4771306938581],[-0.0205561067584939,51.4767227413537],[-0.0205946281596729,51.4767087677674],[-0.0205970640111736,51.4766939283626],[-0.0211193814606439,51.4762678871309],[-0.022803521331492,51.4759289538253],[-0.0209231024238186,51.4761348589684],[-0.0209534701127395,51.475676500117],[-0.0225282015715543,51.4755924702616],[-0.0222601099783266,51.4754550310987],[-0.022679340260752,51.4753660685135],[-0.022562078462444,51.4753580682779],[-0.0228608010860869,51.4753120243364],[-0.0227919559767653,51.4744663021482],[-0.0225821749666007,51.4741120054578],[-0.0212747207722632,51.4737756667817],[-0.0199729649126539,51.4730017788618],[-0.0203118546386845,51.4723054916938],[-0.0193013665761883,51.47203612481],[-0.0186586805168702,51.4706862811536],[-0.0192445833885237,51.4705065797699],[-0.0191137823791942,51.4700086931528],[-0.0171612997784176,51.4693276642216],[-0.0168906302458386,51.469072339546],[-0.0165617094590095,51.4692602707973],[-0.0150615449572877,51.4680444319148],[-0.0131059506503463,51.4689394334913],[-0.0151466238967958,51.4717494679539],[-0.0145276067741026,51.4719030840662],[-0.0140453906725634,51.4726709190752],[-0.0125633127150113,51.4723431829755],[-0.0082294829233204,51.4727600596776],[-0.000897906415909124,51.4718030783721],[0.0121135248044991,51.4731691571914],[0.017962965802973,51.4738300333518],[0.015001240868124,51.473080943274],[0.0155297471559116,51.4713161426227],[0.0167032285878957,51.4695044591758],[0.0165435988886042,51.4691289953782],[0.0163578260778665,51.4689746201005],[0.0143642866942293,51.4697465817968],[0.0126101832818701,51.469808512152],[0.013088248700867,51.4681466760567],[0.0127008227739535,51.4673972756337],[0.0132655049756981,51.4668390700937],[0.011536900815007,51.4662360096741],[0.00909476022384968,51.465872998079],[0.00990330994722935,51.459631402846],[0.0104387335293893,51.4584821513692],[0.0115105248627742,51.4566852038882],[0.0140356670573875,51.4557281492023],[0.0175487288105646,51.4550319307801],[0.0183501447853286,51.4515752403042],[0.0195596232293446,51.4517097505181],[0.0198853048979047,51.4507297164679],[0.0151310021648473,51.4502082041224],[0.0149327788100465,51.4506112417243],[0.0151001851389243,51.4500067861312],[0.0219797685295549,51.4489426419044],[0.0224182608857309,51.4481237857929],[0.0229540613875004,51.4472025815022],[0.0212429880288523,51.446697722878],[0.0215210119686158,51.4444392423515],[0.0206220874869961,51.4442061662105],[0.021505758619613,51.4427282618228],[0.025580070341721,51.4417164236124],[0.0278867121438732,51.4415153902854],[0.0293788155005801,51.44170541883],[0.0285929620355544,51.4404038418144],[0.0288159175701294,51.4387721967007],[0.0247822362079625,51.4382077631343],[0.0254358311388247,51.4356667260841],[0.0271814832674273,51.4365271656674],[0.0286870134965295,51.436409692561],[0.0290867149931715,51.4346743981769],[0.0285927612732282,51.4340338029563],[0.031405191625893,51.4325834613578],[0.0311591636397298,51.4320941993593],[0.0316072410423553,51.432555315787],[0.0324942985930411,51.4318905412518],[0.0332558143211568,51.4322311902895],[0.0337366350997447,51.4316951667097],[0.0377087774085951,51.4333410387482],[0.0375398608009512,51.4313675894027],[0.0383647624848872,51.4282811415438],[0.0378445350719437,51.427800773684],[0.0384741382163893,51.4275840077239],[0.0390555787500603,51.4246879404062],[0.0362309484282266,51.4223885140808],[0.0346044857188036,51.4234046244907],[0.0254589773282689,51.4289732417637],[0.0212186600978964,51.4268625251178],[0.0204048414372096,51.4268748332647],[0.0187479586474092,51.4270578104122],[0.0159812105535719,51.4261895230892],[0.0141201354193554,51.4261747028362],[0.0144184086624775,51.4252154309812],[0.0135386525294386,51.425101516446],[0.0133655552795217,51.4246818824287],[0.0118829756780977,51.4240857562533],[0.00998225862597015,51.4224818400034],[0.00810602289257671,51.4230395335701],[0.00738872244680153,51.4214024543418],[0.00686339962431191,51.4215033116033],[0.00672887722036617,51.4209448134712],[0.00630888368293852,51.4210304548135],[0.00521636463190118,51.4193557767875],[0.00567116966968201,51.4185263247855],[0.00353378449123313,51.4174273997205],[0.00174313595146555,51.4185857381133],[-0.00011878381467096,51.4175752434702],[-0.000728858659658685,51.4159071040057],[-0.00339120527429833,51.4156507876673],[-0.00328031514424544,51.4150356399851],[-0.00496686130772624,51.4145997379512],[-0.00558318053051008,51.4158200455074],[-0.00655318395763969,51.4159786230315],[-0.00659141680301312,51.4146634789869],[-0.00766377534118279,51.4144768015084],[-0.0103120802634173,51.4135777931192],[-0.0142395133496907,51.4136495837442],[-0.014537950086498,51.4139308854569],[-0.0142744975798534,51.4151606111854],[-0.017966540008741,51.415056158855],[-0.0177978306390434,51.4157441609864],[-0.0209993354329241,51.4160242456186],[-0.0221735607977741,51.4167415236853],[-0.0216973959807324,51.4172786966653],[-0.0225581773888126,51.4175643504741],[-0.0213961759115285,51.4183422427735],[-0.0207589451257421,51.4199461836916],[-0.0216490690366511,51.4204423097246],[-0.0209977986254506,51.4209758444739],[-0.0222423203464996,51.4217756784579],[-0.0225743200292635,51.4215570608153],[-0.0243399322743142,51.4231168044783],[-0.0257692413675084,51.423752821511],[-0.0259632583885065,51.4236116271696],[-0.0300807513677304,51.4256454570257],[-0.0319713560401927,51.4255360553977],[-0.0317939374540938,51.4247101949598],[-0.0333491094397238,51.4246347090506],[-0.0342129166246291,51.4247543686853],[-0.0341952212379078,51.4251103168661],[-0.0374699176018423,51.4249815779359],[-0.0384532218047878,51.4239568029306],[-0.0398933345657801,51.4242587416809],[-0.0409974185545062,51.4242626757284],[-0.0415717291874904,51.4236522669631],[-0.0438103700415862,51.4231537413223],[-0.043675612608226,51.4228926943939],[-0.0462509650910986,51.4223749277727],[-0.0459922871092901,51.4227953666963],[-0.0517477652428016,51.4225165840275],[-0.0518015270069943,51.4235698906574],[-0.0547373590163699,51.4237258262227],[-0.0551364357776998,51.4229427352268],[-0.056754945213068,51.4229649755297],[-0.0580990350983122,51.423172425639],[-0.06140523705687,51.4244708967823],[-0.0614261433966676,51.4247982730524],[-0.0624044250231535,51.4251548720109],[-0.064408355402573,51.4253194465508],[-0.0645526015024275,51.4250575816414],[-0.065808619537808,51.4253309193119],[-0.0660220345129476,51.4250749014908],[-0.0678855135102045,51.4259251179392],[-0.068657750218593,51.4259934129505],[-0.0689016985921757,51.4256300363788],[-0.0705780617612074,51.4260091171492],[-0.071360984435045,51.4261861509196],[-0.0718419228589011,51.4262948973868],[-0.0739072700998478,51.4262129230519],[-0.075080646733418,51.428983167635],[-0.0748640231200568,51.4298417000469],[-0.0728653517287247,51.4320968328109],[-0.0722261774625598,51.4324984682568],[-0.0706869364202267,51.4324716169232],[-0.0691136953308728,51.4328306396868],[-0.0668123655494092,51.4338815106619],[-0.065851493442402,51.434626468021],[-0.0643931855103375,51.4370506029422],[-0.0634005550632505,51.4375718084188],[-0.0640489495109607,51.4408409400232],[-0.0650303659635068,51.4411634972235],[-0.0640358047448946,51.4420716348167],[-0.0637020964341871,51.4442241212384],[-0.0630176173282986,51.4461990872988],[-0.0618014306463358,51.447786577102],[-0.0575776925323399,51.4503257679376],[-0.0538558015356858,51.4486863266398],[-0.0489967287694698,51.4501064840782],[-0.0460800999179694,51.4498680240608],[-0.041647581474361,51.4549968144225],[-0.044574167942645,51.4565814512291],[-0.0461340132171619,51.4569460841076],[-0.0452113725232108,51.4594308731575],[-0.0451910322713688,51.4620450456214],[-0.0459733454258121,51.4639748067656],[-0.0474708938823567,51.465124206259],[-0.0485152255577053,51.4656265044778],[-0.0481762655821977,51.4658943196172],[-0.0508118368869824,51.4666539801582],[-0.0505440746069897,51.4667896785733],[-0.0512970182554015,51.4673698490398],[-0.0508512705109908,51.4675767332687],[-0.052269468059822,51.4692259311206],[-0.0516576473370111,51.4697158352888],[-0.0527415260071442,51.4729698559247],[-0.0526873714357894,51.4780143281254],[-0.0542345709209316,51.4785957105858],[-0.0530988753439291,51.4809270203614],[-0.0527821365874229,51.4827251851003],[-0.0530555880490071,51.4850376770388],[-0.0535341526444248,51.4856800709283],[-0.0529253142180146,51.4860036116896],[-0.0528544976167043,51.4866841917188],[-0.05396947356612,51.4879410458672],[-0.0525915556698115,51.4875517193971],[-0.0523455115819233,51.4878007146528],[-0.0504869840191773,51.4879203982254],[-0.0500654204735039,51.488330275748],[-0.0519367557085934,51.4891146020612],[-0.051339477164936,51.489504263917],[-0.0465408369817739,51.4906693066632],[-0.0465288526279895,51.4903483477681],[-0.04601573447094,51.4902913649068],[-0.0422556146558012,51.4900887301159],[-0.0424791011143275,51.4902513308808],[-0.0402768877266922,51.4910455274709],[-0.0410237427519533,51.4918306042451],[-0.0400305589637998,51.4921823692203],[-0.0404918109324734,51.4927970377123],[-0.0392346136693459,51.4929661701324],[-0.0372509004483816,51.4922243551351],[-0.0323926724657008,51.4930886675594],[-0.0323841647314305,51.4930527824311]]]},"properties":{"LAD24CD":"E09000023","LAD24NM":"Lewisham"}},{"type":"Feature","geometry":{"type":"Polygon","coordinates":[[[-0.189276069484165,51.4380375409247],[-0.19024921490484,51.4348016644724],[-0.191170675654779,51.4334547661404],[-0.189774535259361,51.4313512637707],[-0.188399330993625,51.4320891403492],[-0.187397630881723,51.4321030795025],[-0.187267527249529,51.4329863346087],[-0.185726011599937,51.4331664025473],[-0.184230920198413,51.4312675946232],[-0.184554694118206,51.427819313819],[-0.184045539170172,51.426352393555],[-0.181939169287309,51.4247312714289],[-0.178769641648691,51.4243191492688],[-0.173570188532307,51.4231768450003],[-0.167952443598719,51.4208201664455],[-0.164833602059389,51.4203582904771],[-0.165015219225781,51.4201073650844],[-0.161648654322682,51.4198568544278],[-0.160326438950233,51.4219067001989],[-0.159915122954229,51.4219654438145],[-0.159860356825961,51.4226030600675],[-0.151388394114291,51.4198742453916],[-0.15033540351685,51.4200765866373],[-0.149420808854251,51.4198882299477],[-0.144454358993661,51.417751705071],[-0.140358848161646,51.4192637035847],[-0.14318984934952,51.4172810711208],[-0.1449843422781,51.4157913914755],[-0.144310995873561,51.4153449734933],[-0.147125644495259,51.4137568353205],[-0.148064535784428,51.4128701124716],[-0.144789248046352,51.4123890707405],[-0.142597576551947,51.4133480541222],[-0.13798690198434,51.4117707254888],[-0.134082522818334,51.4109912649195],[-0.133503224264562,51.4129390992197],[-0.133560060166767,51.4125797911117],[-0.13267970911943,51.4123458593668],[-0.12788253825179,51.4119990100089],[-0.127724902236922,51.4123163306016],[-0.128172719102879,51.4109379441608],[-0.128485181981585,51.4109914858704],[-0.129456084681713,51.4095744804867],[-0.132077065227153,51.4092026579705],[-0.132302969076169,51.4068084008498],[-0.131456540014508,51.4049347860654],[-0.130445542440792,51.4032741414034],[-0.127712992732134,51.4014686371769],[-0.125398398024585,51.3988263317117],[-0.125681408571826,51.3983241115951],[-0.12465030667513,51.3980973845397],[-0.124139637510634,51.3976095679571],[-0.129652233327207,51.3936521622897],[-0.128727428770065,51.3935021006669],[-0.134257564459517,51.3909191641928],[-0.134321993903791,51.3908470661783],[-0.134836543112323,51.3909612505461],[-0.141849967742782,51.3893040785996],[-0.14323257693588,51.3904165444173],[-0.144280534363931,51.3906650887328],[-0.152647253645332,51.389774141214],[-0.158026699152325,51.389251356279],[-0.158270747383943,51.3888209069569],[-0.159870506323104,51.3885093246971],[-0.160961193086177,51.3878193185581],[-0.161826346385023,51.3881372961496],[-0.165299266767606,51.3879991037365],[-0.166329573049792,51.3896090839188],[-0.16747246297784,51.3900038515912],[-0.169945924618617,51.3917252724006],[-0.171307920936,51.3925177787056],[-0.172919399332055,51.3926752677701],[-0.174812978456833,51.3934129458752],[-0.179299666601683,51.3898045013814],[-0.18267406468114,51.3880681054888],[-0.184505748431722,51.3875128788425],[-0.188399006002823,51.3854342806016],[-0.189635576938184,51.3860218166205],[-0.190491734111209,51.3862042542524],[-0.190291188379491,51.3863708273359],[-0.191100971479334,51.3868838105074],[-0.191606700460251,51.3871153666504],[-0.191845074590488,51.3869118863861],[-0.193141586701256,51.3878337228694],[-0.193479892063415,51.3876465039907],[-0.193843953585038,51.3879135708231],[-0.200282488049242,51.3849415454247],[-0.203406993201415,51.387253275613],[-0.205073830430377,51.3861357654738],[-0.209783879622302,51.3882997551536],[-0.213360443776366,51.3850547669109],[-0.212943947841898,51.3848512179571],[-0.213739524252793,51.3840356773437],[-0.218080128415406,51.3801823745994],[-0.223186338710371,51.3820558936221],[-0.227724593485754,51.3839693320205],[-0.233712357195317,51.3876149280023],[-0.234641229449196,51.3905577876604],[-0.239691091190174,51.3892739323285],[-0.240094785343288,51.3911878356792],[-0.241707851567578,51.3938969358488],[-0.244672198866986,51.3947242179802],[-0.246893119034303,51.3971078648502],[-0.247406743509032,51.3975695719535],[-0.246726763858157,51.3986185483261],[-0.246816434841592,51.4005082357859],[-0.24522590265169,51.4017552551783],[-0.244703374362305,51.4038553215381],[-0.245336450507355,51.4070702850427],[-0.245818587038421,51.4075610387992],[-0.24702184888123,51.4078469625725],[-0.247483474170963,51.4084788041965],[-0.247157795613144,51.4096067400533],[-0.249520611777482,51.414775849916],[-0.249651145906568,51.4185653036005],[-0.251156453118063,51.4223903958783],[-0.252927898194788,51.4232137633971],[-0.252239244105153,51.4257020942907],[-0.254238567069917,51.4293020083168],[-0.253307115028818,51.4308384796986],[-0.252441767222631,51.4312062236852],[-0.251085089413751,51.432557791518],[-0.241417272763755,51.4350240715244],[-0.231241775790899,51.4381627126034],[-0.225663923299855,51.4387274007762],[-0.224476439324272,51.4386069157413],[-0.224313610817667,51.4388680690666],[-0.220629461672805,51.4384606302655],[-0.21782201680995,51.4386927240871],[-0.216594258474707,51.4383706717937],[-0.215697720793874,51.4377427471829],[-0.212530125599758,51.4378293960445],[-0.209104648508521,51.4383044801875],[-0.204528109815396,51.4389532521203],[-0.190026527777626,51.4414645840233],[-0.18985428904194,51.4402710898283],[-0.190639590037065,51.4389193739508],[-0.189218065514694,51.4385441227964],[-0.189276069484165,51.4380375409247]]]},"properties":{"LAD24CD":"E09000024","LAD24NM":"Merton"}},{"type":"Feature","geometry":{"type":"Polygon","coordinates":[[[0.055662330231665,51.5593530348821],[0.0563145886824906,51.5585874756817],[0.0569605008123502,51.5586701214777],[0.0571972202980064,51.5580035472952],[0.0582571881772071,51.5578773852743],[0.0587049866503617,51.5572156562918],[0.0601507418451312,51.5564070965971],[0.0636426301512285,51.5572762598429],[0.0649450135997271,51.5563952962051],[0.0666074094156521,51.5547190975483],[0.0669297058838058,51.5532818646954],[0.0677848218853402,51.5532667287507],[0.0687134000440931,51.5474641815659],[0.0683616946338665,51.5443903891844],[0.0683036990858661,51.5442534217457],[0.0668927285629328,51.5418656578107],[0.0666844103037253,51.5406482430369],[0.0670843495553701,51.5394660594153],[0.0689061135111038,51.5371930270497],[0.0682729396756217,51.5369897594231],[0.0679550919908522,51.5361961210612],[0.0687713626833771,51.5362069922352],[0.0695253610875014,51.5362621980296],[0.0717562377648518,51.5328974464873],[0.0725769776729165,51.5307512385752],[0.0727454762217297,51.5292747368747],[0.0733253987315022,51.5294044517374],[0.0732757633619136,51.5291956468071],[0.075184576368199,51.5295112714791],[0.077986132531863,51.5291199580797],[0.0785090664527868,51.5288098848563],[0.0779619948260358,51.528605546122],[0.0775332521886392,51.52884695247],[0.0776073990849424,51.5284855657116],[0.078849716460187,51.5284387405107],[0.08010638379697,51.5275074274102],[0.0801148603276825,51.5275048814323],[0.0801188184098207,51.5275036925478],[0.0830943359005753,51.526609849687],[0.0852012617706733,51.5255823085292],[0.0864858694039004,51.5256003862723],[0.0888617679534233,51.5262321206173],[0.0896761975175408,51.5255840706865],[0.0913127941330349,51.5256385413244],[0.09144468317453,51.5255669236538],[0.0920884445286058,51.5256238125854],[0.0922512251161515,51.5241429258795],[0.090700653658084,51.5239354057268],[0.0917754598702767,51.5235601265555],[0.0918241184753424,51.5225457581074],[0.0944586927035868,51.5203026762276],[0.0939356880450811,51.5189725179049],[0.0947722630471949,51.516486760849],[0.0955906483236852,51.515757639115],[0.0969021049622299,51.5153146686295],[0.0965995875032704,51.5150826594915],[0.0956124292873651,51.5154627260081],[0.0940014512199353,51.5149847423688],[0.0902597262862871,51.5147959856289],[0.0905346601345317,51.5142983736298],[0.0880745228544716,51.5136713261183],[0.084840686345054,51.5123700252538],[0.0833175747007983,51.5115234295534],[0.0836808731606565,51.5109733476896],[0.0809963737336303,51.5085960663747],[0.0802517720696233,51.5084001876357],[0.0793126847172221,51.5070577111273],[0.0779755242175718,51.5051460293385],[0.0768901989557501,51.5049601481607],[0.0766623674673931,51.5049211264955],[0.0778036121769304,51.5045798788752],[0.0782313729454526,51.5043778952188],[0.0781496875742952,51.5039760047259],[0.077758979170194,51.5045405311211],[0.0768360207902217,51.5038284129494],[0.0762464622587554,51.5038397535262],[0.0766563980505416,51.5034621604274],[0.0752620667809608,51.5022649652754],[0.0739588572547812,51.5021243529201],[0.0746641099567651,51.5016024201764],[0.0738510145263717,51.5005901945382],[0.0736662300793385,51.5003601560564],[0.0696941851928343,51.4991929314993],[0.0688265222588025,51.4991477960479],[0.0687461951501518,51.4993535491425],[0.0686634266750886,51.4990690368828],[0.060124711912613,51.4983565189422],[0.0576147111874521,51.4984491554964],[0.0493056303679277,51.4995551089087],[0.0434723959575145,51.4999078277514],[0.0389176900976522,51.4997670007895],[0.0349615944785659,51.4996445377548],[0.0268019309554634,51.4986248213978],[0.0246497197626834,51.4986152417457],[0.0224555105913244,51.4991207319695],[0.0223593897166225,51.4989025172735],[0.0196761531940891,51.4996394087525],[0.017131961229118,51.5009975016982],[0.0165429418263675,51.5015899109508],[0.015697233987847,51.5024404539018],[0.0154958192879212,51.5026430144498],[0.0151694699397879,51.5025128313278],[0.0146426255160832,51.5029814240925],[0.0148636871897442,51.5032397688446],[0.0144674872662274,51.5031593459407],[0.0130849399596789,51.5044492989552],[0.0133417479622243,51.5048356739335],[0.0134063862397508,51.5049329212719],[0.0120308331240463,51.5052812566152],[0.00969150117807746,51.5068371482181],[0.0104728475870418,51.5085812865622],[0.00983389598098908,51.5091697342319],[0.00657439811531568,51.51002813362],[0.00662392555804277,51.5101059667218],[0.00662708061520713,51.5101109245852],[0.00817601323426666,51.5125449515821],[0.00812098875659987,51.5133413378524],[0.00720704768681476,51.5143687238962],[0.00632193496612553,51.514610508225],[0.00514407810440382,51.5141765140101],[0.00428158572852639,51.5134111304104],[0.00371207115663096,51.5110399127389],[0.00256984219110307,51.5109717526462],[0.00438755645662903,51.5146979451123],[0.00438881730835932,51.5147005306613],[0.00438011849132364,51.5147084855045],[0.00315144902745089,51.5158320581449],[-0.0025367171162744,51.5184818096104],[-0.00248347222222005,51.5181998754968],[-0.00403524931143385,51.5178892388068],[-0.00512433605080158,51.516920864195],[-0.0065553705596876,51.5189602476627],[-0.00855426176372054,51.5200457136162],[-0.00865773296408312,51.5207594502188],[-0.00722424592841975,51.5228209967301],[-0.00651966013024591,51.5256472874279],[-0.00651041723978831,51.5256843638885],[-0.00650652646612223,51.5256855477778],[-0.0020882815776615,51.5270299691267],[0.000662319228078298,51.5283108333281],[0.000867302717086865,51.5292704560884],[0.00182141814268217,51.5303153066795],[0.00110950156040534,51.5310949939366],[-0.000776211816236803,51.5281410574325],[-0.00230100560478955,51.5271599387015],[-0.00380271434284984,51.5269575293271],[-0.00388987766976574,51.5282574719529],[-0.00430959643937171,51.5278808014278],[-0.0041856785536004,51.5268705192253],[-0.00493297205229437,51.5264466302743],[-0.00644791669777272,51.5263199511195],[-0.00696857936512431,51.5270904794285],[-0.00797559922720952,51.5272332163805],[-0.00694138773080309,51.5260625987448],[-0.00714098020603945,51.525537850373],[-0.00715291464698539,51.5254964399383],[-0.00786137762101276,51.5230276446658],[-0.00786298880813318,51.5230251459373],[-0.0080903401132746,51.5238353110294],[-0.00781941561658298,51.5253226555423],[-0.00776274195722487,51.5253940846822],[-0.00756245484960945,51.5262758842562],[-0.00864083527791054,51.5275562097429],[-0.010267401705797,51.5284820738619],[-0.0106879295018272,51.5292813245902],[-0.0136822637916931,51.5298465466927],[-0.0171472640301074,51.531315223323],[-0.0180112178111926,51.5322223572861],[-0.0180712274677356,51.5334388795995],[-0.0189479456359201,51.5341390431197],[-0.0196630017758413,51.53558511685],[-0.0209533848689064,51.5362839232834],[-0.0212678337033492,51.537007401385],[-0.0194459919845924,51.5382541523751],[-0.0188858206435576,51.5393410351726],[-0.0178585067039408,51.5401748296542],[-0.0176990535501777,51.540956854853],[-0.0165950088188554,51.5413902653313],[-0.0160914222675856,51.5424768205726],[-0.016549676137034,51.543329866783],[-0.0174631458837187,51.5475982726847],[-0.0189355938865919,51.5505349123489],[-0.0189832068446934,51.5515962324148],[-0.0171743352515583,51.5515772837198],[-0.016918682041395,51.5514029177571],[-0.0137889317750428,51.5519200973542],[-0.0108423820256557,51.5526236900054],[-0.00944305996571895,51.5521969120418],[-0.00868625229743246,51.549922890254],[-0.00416104016302288,51.5510339048465],[-0.00376048265764111,51.5511660541055],[-0.00358055578905326,51.5509119805722],[-0.000155843808584557,51.5517314704798],[0.00332036016694168,51.5520951421523],[0.00387608074798662,51.5517991772503],[0.00524738600418386,51.551985090597],[0.00574804977316861,51.5518622024058],[0.00577316007156642,51.5506597007376],[0.00956876687641141,51.5512469832366],[0.0108254594209027,51.5522446489178],[0.00963792344479538,51.5534132157807],[0.0111389188962285,51.5543858195517],[0.0116324112780196,51.553914514048],[0.0146412934547694,51.5549643727134],[0.0162807966979312,51.5531927103866],[0.0167555698743952,51.5533789463564],[0.0169935805128912,51.5531510467213],[0.0215231566947089,51.5548945197309],[0.0204742041657707,51.5561281250745],[0.0225814668945976,51.5560942469598],[0.0227127518308341,51.5567005132222],[0.023385350661203,51.5567876586686],[0.0237939993051819,51.5555239234507],[0.0253745335852235,51.5555450121939],[0.0255183261876184,51.5540440088732],[0.0322690221936946,51.5545897066655],[0.0354303631454606,51.5552584723179],[0.0462726110117307,51.5548299397683],[0.0443396093396799,51.5575911454918],[0.0429368911318195,51.5583607331816],[0.0420292779474462,51.5614920798708],[0.0503449924892256,51.5640217703103],[0.0515595564664435,51.5621723974114],[0.0540978240739518,51.5608406955273],[0.0544419764207333,51.5596270859852],[0.055662330231665,51.5593530348821]]]},"properties":{"LAD24CD":"E09000025","LAD24NM":"Newham"}},{"type":"Feature","geometry":{"type":"Polygon","coordinates":[[[0.0326979583942565,51.6223421030214],[0.0374777645781579,51.6183258350663],[0.0375454143782192,51.6179002367113],[0.0402145779703481,51.6164105233132],[0.0400141457232096,51.6160974636682],[0.0407878432974229,51.6157288187761],[0.0421865735876995,51.6165120828099],[0.0441384837657025,51.6170510187102],[0.0478606496866721,51.6174105347773],[0.053098115652603,51.6184233353354],[0.0536727737913095,51.6182790977801],[0.0544514222993011,51.617610300621],[0.0541650841891714,51.6166809384301],[0.0532680543040351,51.6163425220348],[0.0519050792268259,51.6168979619077],[0.0501545635432515,51.6164165846237],[0.0484957431998267,51.6150324759916],[0.0485657386217445,51.6138498370549],[0.0479561835430442,51.6133026345828],[0.0482429748984494,51.6131175168562],[0.0488660105773604,51.6135765698533],[0.0586553341463497,51.609101742204],[0.0626225817304307,51.6070398166884],[0.0639602770377741,51.6072415750056],[0.0659672728302149,51.6063209792367],[0.0728118625758041,51.6046818989335],[0.0766984747100544,51.606309130757],[0.079369067593195,51.6070384728995],[0.0844438653628952,51.6063401189157],[0.0871420167244084,51.6044152917096],[0.0888366104152503,51.6048596976753],[0.0891887941901329,51.6054153912833],[0.0925447098042611,51.6061928498338],[0.0917348570342203,51.607409627128],[0.0919405500038478,51.608230066873],[0.0926383162882662,51.6094210514199],[0.0939127860221914,51.6098387964192],[0.0942044817584299,51.610669203612],[0.0946532042398149,51.6107907853818],[0.0935710696382975,51.6125198830104],[0.0922848679306965,51.613574263713],[0.0980683911361371,51.6154215805073],[0.100190203158366,51.6127301378446],[0.103414553809219,51.6134536542248],[0.103837892902431,51.6125513646419],[0.109631880082643,51.6139617497907],[0.116710192938793,51.6169216490182],[0.118606674569968,51.6153667569791],[0.119307301579151,51.615368502629],[0.124198641273924,51.6175059540306],[0.12609846056529,51.6196432727173],[0.128839209569546,51.6206683167991],[0.129189005999239,51.6214037068032],[0.135810576180092,51.6235471347968],[0.138184235471144,51.6235453960564],[0.144374330471667,51.6168049672364],[0.145513450183006,51.6145345416146],[0.147540561512271,51.6122233520457],[0.148702061675442,51.6086977509096],[0.148618257531294,51.6044404192122],[0.149510112602879,51.6029042465235],[0.14820590165784,51.5989684642457],[0.146599887190742,51.5994359399519],[0.14193543321104,51.5965591739444],[0.137595192673804,51.593894059565],[0.129573872052847,51.5900455785605],[0.13102192079694,51.5875242388769],[0.126386612488677,51.5867252201384],[0.127258715353732,51.5839258506234],[0.127662365447979,51.5838785183267],[0.128092527625584,51.5828333597485],[0.127759038931832,51.5816363831113],[0.132555277913465,51.5813066129801],[0.133567347777831,51.5799536500334],[0.130823841436869,51.5793654553156],[0.131643362720049,51.5770853040567],[0.129191022343564,51.5763123378864],[0.129443523032527,51.5739444420646],[0.13009987732425,51.5730644323305],[0.130909699401323,51.5733421683491],[0.131578541181193,51.5718243711119],[0.129906952553102,51.5715383926836],[0.130026134177711,51.570730149641],[0.130423208865367,51.5706700550615],[0.130459106946623,51.5702817506211],[0.129659209964429,51.5681112009943],[0.129324285273829,51.5665254437875],[0.127680076814031,51.5661611815549],[0.12502855734482,51.5643409784065],[0.119051087716779,51.5630518210245],[0.118877678684053,51.5627327328034],[0.119745551654053,51.5625073441525],[0.117486903589319,51.559180308647],[0.120491599554835,51.5585734665865],[0.118901016628217,51.5573709901029],[0.117085043058467,51.5574176499401],[0.117084962182422,51.5569118782146],[0.11327287260786,51.5572667540348],[0.112737337980796,51.5565250331288],[0.114742939156256,51.5553180164506],[0.112354343080321,51.5535016437381],[0.111946500144236,51.5526689561845],[0.111139441785709,51.5524845713963],[0.108418923121705,51.5526962576344],[0.108318691080143,51.5521568486506],[0.107456041875476,51.5520023127018],[0.106131546667101,51.5509449124415],[0.104316248210586,51.5498418764059],[0.0997685923827312,51.5484266622808],[0.0935197644735265,51.5458578934501],[0.0922677123785687,51.548637050455],[0.0926082637843222,51.5496496995683],[0.091704325393476,51.54910962338],[0.0915367626289642,51.548302789757],[0.0885001748522584,51.547741649362],[0.0858920099981717,51.5473443931627],[0.0816600297632333,51.545584630037],[0.0815125276472448,51.5451697074147],[0.0800638961227347,51.5447723549261],[0.0779600410347074,51.5440520007505],[0.0774939842211705,51.54457351357],[0.0770330614517716,51.5443795019669],[0.0768099712896189,51.5445849133701],[0.0755489080110188,51.5440112183076],[0.0719570902737821,51.5438108754493],[0.0718098413476553,51.5435618405141],[0.0697114363543594,51.544066004797],[0.0696652757293579,51.5464467048503],[0.0689806677251697,51.5489760380689],[0.0694585042799253,51.5503839730475],[0.0686056698270131,51.5513778727067],[0.0679837205605864,51.5542993362558],[0.0660105574451044,51.556794184582],[0.0659484268331184,51.5568312578113],[0.0659461428751938,51.5568326208654],[0.0642814504228469,51.5578259077306],[0.0642219733677099,51.5578613946455],[0.0632629824628119,51.5582529306917],[0.0625776546512885,51.5581991411137],[0.0623976857436073,51.5581773366581],[0.0619340994692531,51.5581211692275],[0.0609546815423608,51.5584756072328],[0.0580609989227296,51.5607521050519],[0.0573959672091647,51.5608496503172],[0.0607251637499287,51.5584247832297],[0.0618801206453137,51.5579962194151],[0.0625665251821824,51.5580655121017],[0.0627165501250867,51.5580806566859],[0.0640651314651045,51.5578181562887],[0.0641156686577358,51.5577874544057],[0.0657955670976682,51.5567668458799],[0.0657980423517144,51.5567653427706],[0.0658705986449715,51.5567212596358],[0.0675758781917081,51.5546581406679],[0.0683266331017498,51.5514273062843],[0.0692459609161178,51.5502932976793],[0.0687164936774406,51.5490189156107],[0.0694223432151365,51.5463279686354],[0.0693438189566738,51.5441543241614],[0.0683616946338665,51.5443903891844],[0.0687134000440931,51.5474641815659],[0.0677848218853402,51.5532667287507],[0.0669297058838058,51.5532818646954],[0.0666074094156521,51.5547190975483],[0.0649450135997271,51.5563952962051],[0.0636426301512285,51.5572762598429],[0.0601507418451312,51.5564070965971],[0.0587049866503617,51.5572156562918],[0.0582571881772071,51.5578773852743],[0.0571972202980064,51.5580035472952],[0.0569605008123502,51.5586701214777],[0.0563145886824906,51.5585874756817],[0.055662330231665,51.5593530348821],[0.0544419764207333,51.5596270859852],[0.0540978240739518,51.5608406955273],[0.0515595564664435,51.5621723974114],[0.0503449924892256,51.5640217703103],[0.0420292779474462,51.5614920798708],[0.0429368911318195,51.5583607331816],[0.0443396093396799,51.5575911454918],[0.0462726110117307,51.5548299397683],[0.0354303631454606,51.5552584723179],[0.0322690221936946,51.5545897066655],[0.0255183261876184,51.5540440088732],[0.0253745335852235,51.5555450121939],[0.0237939993051819,51.5555239234507],[0.023385350661203,51.5567876586686],[0.0227127518308341,51.5567005132222],[0.0225814668945976,51.5560942469598],[0.0204742041657707,51.5561281250745],[0.0171406995354919,51.5588406578638],[0.014819972211581,51.5594262597113],[0.014308954583771,51.5635078782028],[0.0144647745054095,51.5656157946217],[0.0175776751203158,51.565663562536],[0.0188589439099717,51.566326029471],[0.0189981745610268,51.566976234946],[0.0176834360980589,51.570014231689],[0.0182816546563944,51.5701386062177],[0.0191310762333434,51.5698548949449],[0.0189211206830962,51.5723220948874],[0.018054755978928,51.572037465492],[0.0164867288262751,51.5728872338189],[0.0174126927443315,51.5744862726183],[0.0175055958131868,51.5773877163871],[0.0153511129539794,51.5816429065729],[0.0157036848124435,51.581837107156],[0.0153324486294402,51.5824747570735],[0.0155406198264996,51.5833466104163],[0.0149354845145147,51.5833577453248],[0.0134135251495813,51.5837836214494],[0.0129671463596429,51.5869620327693],[0.0120959005062663,51.5926905007426],[0.0125456902701729,51.5953571434838],[0.0125469358387258,51.5953635058787],[0.0129664781945863,51.5991231108759],[0.0164189827493158,51.6039305627401],[0.0191450686104209,51.6077902055942],[0.0195790134681853,51.6076109417029],[0.019280772375472,51.6082456410032],[0.0214246059466039,51.6110918355539],[0.021250445433346,51.6123074583878],[0.0162744360427842,51.6168571923616],[0.00869444540428972,51.6190699014527],[0.0145380924454833,51.6188930894347],[0.0147278646748309,51.6197611887416],[0.0142707185172037,51.6202765981251],[0.0159062993547018,51.6209493740693],[0.0162293061239006,51.6217746026281],[0.0170530946904182,51.6219869950665],[0.0170577998643863,51.6223557511355],[0.0177108657798303,51.6223426156163],[0.0184682253431733,51.6227860956796],[0.018845105450582,51.6232564781976],[0.0184922201562063,51.6235053474867],[0.0190661240361208,51.6236685729198],[0.0187815927977718,51.6240917997184],[0.0191202305141922,51.6250451907667],[0.0200877350284357,51.6264287749617],[0.0199387341419756,51.6270058984097],[0.0205800171712431,51.6273351924213],[0.0209959827463822,51.6289177758475],[0.021819035344359,51.6288327861104],[0.0245881097352765,51.6275180526401],[0.0268338595234593,51.6259074323115],[0.0290755769324406,51.6251169300725],[0.0289372326513807,51.6246767917058],[0.030727318068551,51.6236360894469],[0.0305242465485678,51.6232924928187],[0.0315028970522805,51.6230925390521],[0.0326979583942565,51.6223421030214]]]},"properties":{"LAD24CD":"E09000026","LAD24NM":"Redbridge"}},{"type":"Feature","geometry":{"type":"MultiPolygon","coordinates":[[[[-0.3311857080572,51.4395651491094],[-0.330667635536419,51.4388943887665],[-0.331481865809256,51.4393498785402],[-0.3311857080572,51.4395651491094]]],[[[-0.321760309968809,51.4458280301523],[-0.325056137774888,51.4447785739704],[-0.325487800654684,51.4450356295195],[-0.325137686918841,51.44475231305],[-0.328068298054922,51.4439659730684],[-0.327171950006568,51.4449450331329],[-0.325787157187955,51.4457228743326],[-0.324521209128429,51.4457497410877],[-0.323821527152493,51.4460558775671],[-0.323329795268306,51.4458239712119],[-0.323367047927864,51.4460443666964],[-0.321753265417953,51.4462357314721],[-0.320907968517047,51.4461327991125],[-0.321760309968809,51.4458280301523]]],[[[-0.308738338665654,51.4581642169464],[-0.308449961785582,51.4577877662489],[-0.309919196973506,51.4585211607642],[-0.308738338665654,51.4581642169464]]],[[[-0.326876811513731,51.4612479601158],[-0.326877324873667,51.4612451006262],[-0.326886287042126,51.4612516536725],[-0.326861258371947,51.4612917160872],[-0.326876811513731,51.4612479601158]]],[[[-0.325553361843412,51.4633517789064],[-0.325716053946399,51.463124752369],[-0.325343873296781,51.4637204372582],[-0.325205783547585,51.4638367966553],[-0.325312331286944,51.4636881199643],[-0.325553361843412,51.4633517789064]]],[[[-0.294793582150298,51.4859828606216],[-0.297418798873058,51.4845677347594],[-0.296409058180967,51.4856124727125],[-0.294793582150298,51.4859828606216]]],[[[-0.293949976718146,51.4862044297209],[-0.2945303527175,51.4860896130777],[-0.294332309916349,51.4863016880474],[-0.291880995927489,51.4870304534971],[-0.289887911380429,51.4871749284775],[-0.293949976718146,51.4862044297209]]],[[[-0.224871310099639,51.4736842189359],[-0.222919139768397,51.4718385850114],[-0.223712792431086,51.4715907159599],[-0.223430599436377,51.4714858357543],[-0.223408174319422,51.4714963341478],[-0.223442448413863,51.4714789739091],[-0.223617472767174,51.4707420512945],[-0.226953611355139,51.4714014941494],[-0.231193690359327,51.4728239810253],[-0.232733298874365,51.4725107587178],[-0.232958389018286,51.471681434452],[-0.233483177036173,51.4679985512234],[-0.232873971995118,51.4666343588823],[-0.233626914383744,51.466089239176],[-0.233568164755019,51.4653489374128],[-0.233290023158623,51.4639717456149],[-0.239534478428114,51.4648554240291],[-0.244245925605333,51.4652613274262],[-0.248747588002848,51.4650546583612],[-0.252950677329956,51.4652240434553],[-0.255947145177923,51.4630733671545],[-0.257958102690143,51.4603786614855],[-0.256800012380191,51.4598223085276],[-0.258466733609521,51.4570434126251],[-0.259111198831886,51.4549534889518],[-0.247289858979786,51.4491959095746],[-0.24159865877434,51.4431179850847],[-0.242721716909592,51.4419112808613],[-0.254066366518792,51.4372878642506],[-0.256186003261627,51.4366521509203],[-0.256318925603588,51.4363452136412],[-0.264549483902374,51.4329097527426],[-0.270905100636418,51.4295589195452],[-0.278579610178557,51.4233513726567],[-0.280399432687045,51.4218912859663],[-0.286559992341689,51.4201854927708],[-0.287790171458223,51.4227340182916],[-0.290616410459767,51.4289901643301],[-0.293009168924247,51.4289409372409],[-0.293394214716677,51.4265036126951],[-0.294792456201313,51.4264438922945],[-0.294720818622335,51.426998038541],[-0.295430789425014,51.427037113077],[-0.295483633547867,51.4276615223554],[-0.297677226510859,51.4286766701935],[-0.301593960146175,51.4314346811035],[-0.302079636232512,51.4311601206108],[-0.301754172083702,51.430390833162],[-0.305917554801736,51.4313612022899],[-0.306411012209388,51.4301574046184],[-0.306881882251474,51.4301500111129],[-0.308542761575097,51.4307805259594],[-0.308067540697836,51.4310729016532],[-0.309758432683688,51.4321387930449],[-0.310650913997973,51.4322095269603],[-0.312903931530096,51.430256153727],[-0.314430429140883,51.4282489129277],[-0.311054040219989,51.4267625736941],[-0.308361931519297,51.4250094262705],[-0.306706626551084,51.4230461324043],[-0.30593062819211,51.4212617047743],[-0.308252540115846,51.4153136210239],[-0.308469296712002,51.4135249712709],[-0.309048761744961,51.4091661977288],[-0.308733514756071,51.4022585732301],[-0.309498774898725,51.4001442787939],[-0.310289452731053,51.3996098430087],[-0.312108371837945,51.3981386663638],[-0.312929585463551,51.3970590516958],[-0.317697879461912,51.3936670793324],[-0.319832885343762,51.3925934391992],[-0.325860279723407,51.3914396034394],[-0.327586908786079,51.3917448429442],[-0.32867176277269,51.3923088120771],[-0.332288104719694,51.3959948210939],[-0.33671089974836,51.399221807415],[-0.338237922033318,51.4007632612881],[-0.338992682695845,51.4018751449571],[-0.340531005417365,51.4030871528059],[-0.343719389503046,51.4038966608301],[-0.346873940977662,51.4058468036968],[-0.349199086203049,51.4066205973482],[-0.355109148235357,51.4098071471651],[-0.355357024954818,51.4107521649246],[-0.359139332144209,51.4119031604173],[-0.361238189559091,51.4120405067083],[-0.364739828180263,51.4115920902819],[-0.373860205320599,51.4084933058399],[-0.379427940842277,51.4078339473998],[-0.383350026681253,51.4085382950892],[-0.3837773443953,51.4101188353283],[-0.386635766084178,51.4104117472433],[-0.389176859552194,51.4103199377059],[-0.389649814820215,51.4106933301111],[-0.390292426772994,51.4143380029487],[-0.386122609992955,51.4142806581518],[-0.386594002397961,51.41502183304],[-0.386761620321015,51.4176544912503],[-0.387693548658496,51.4193282806375],[-0.386641675154269,51.4200808186377],[-0.39131707100993,51.4223154118767],[-0.392912348231466,51.4232769175458],[-0.392754332190993,51.4234436086864],[-0.391019331671074,51.4231458321575],[-0.385430928192615,51.4206290155842],[-0.384951484237788,51.4212588662029],[-0.384081926037091,51.4226923923139],[-0.388387260380427,51.4279972704624],[-0.388057123788859,51.4278496953732],[-0.387103166507676,51.4281760160043],[-0.387934644192034,51.4286236365479],[-0.387726274714751,51.4288877273969],[-0.383150312332945,51.4322384445112],[-0.376157260562842,51.4354671463239],[-0.37609256289144,51.435506267829],[-0.377871941022836,51.4362797841464],[-0.377761461379696,51.4368194162888],[-0.366823470215651,51.4416233263017],[-0.367098818227581,51.4417006797991],[-0.37307817455589,51.4436692776221],[-0.373881385979297,51.443033978963],[-0.375926680168315,51.4430871186987],[-0.377126285412797,51.4424596270295],[-0.378205143117411,51.4424842929923],[-0.379546064371273,51.4431036722474],[-0.379747633102291,51.4443217421431],[-0.382905141601064,51.4450951336479],[-0.386223447876444,51.4467121001041],[-0.386257004588281,51.4481240822175],[-0.387786648191089,51.4493713172204],[-0.384490171047228,51.4498948963532],[-0.383751479151189,51.4495061829907],[-0.375258068480552,51.4562711366328],[-0.373024056271843,51.4574730203045],[-0.372687650270116,51.4569976479221],[-0.372439929994924,51.4572354155837],[-0.369570162557889,51.4569681844571],[-0.369564447011299,51.4569676508617],[-0.368435236749007,51.4568626131562],[-0.367837401588697,51.4574249216221],[-0.36503235055546,51.4578055839788],[-0.364419302861009,51.4575872315904],[-0.362636099233493,51.4576832692045],[-0.359854797465852,51.4582018559819],[-0.355812842546929,51.4583807045841],[-0.353487090513193,51.4581802370447],[-0.352810773187725,51.4568638208737],[-0.348569300602764,51.4567646671116],[-0.346024097188038,51.4572598739348],[-0.345289190489759,51.4578593815009],[-0.342735402175869,51.4580717794148],[-0.341706616118169,51.4590172879508],[-0.340111328286192,51.4592412556223],[-0.340644811569025,51.4572689071401],[-0.338953300500773,51.455881017194],[-0.338548700277405,51.4560992557628],[-0.337736793521605,51.4554752597119],[-0.337512639549886,51.4547671980055],[-0.336982324195838,51.4546481885414],[-0.33627331434432,51.4556789083336],[-0.333692637193721,51.4554909237007],[-0.333616069775311,51.4552400726575],[-0.333027908582819,51.4553783475546],[-0.331400259935538,51.4573568789254],[-0.330373639818618,51.457933566535],[-0.328455258887979,51.457999095031],[-0.326934014640788,51.457010898985],[-0.325588217827617,51.4580808621088],[-0.326513406711705,51.4593024652394],[-0.326410054676839,51.4606670432488],[-0.32633106114135,51.4608145197715],[-0.326351293702205,51.4608375219018],[-0.326389067982458,51.4608804653537],[-0.326393507395222,51.4608855096818],[-0.326393087573391,51.4608910466797],[-0.326431629146651,51.4609192272544],[-0.326815246613132,51.4613186224516],[-0.326820592675959,51.4613241886765],[-0.326378296453869,51.4620647741245],[-0.326223575875224,51.4623126862053],[-0.326221911760917,51.462315085934],[-0.326124421277947,51.4624317093365],[-0.324395369883503,51.4644999662578],[-0.324339632665799,51.4645666343785],[-0.323685889149201,51.4651174725347],[-0.323219211569662,51.4653211766796],[-0.322575004039864,51.4653412678077],[-0.321735939727372,51.4653628012978],[-0.318963285511076,51.4626609456781],[-0.313997301587124,51.4597141089997],[-0.313995684389129,51.4597131487223],[-0.313974744321339,51.459705980918],[-0.311417080300468,51.4588304114967],[-0.31156690288556,51.458550203713],[-0.311258904396406,51.4587673441312],[-0.308909711034659,51.4575504303531],[-0.307533425316902,51.4572125069016],[-0.308035760040722,51.4566680644911],[-0.307263356068664,51.4570031288154],[-0.305947399346856,51.4561559100424],[-0.30389157024571,51.4532903867775],[-0.304350652559263,51.4516208148589],[-0.30563423765782,51.4504411163046],[-0.308854983197502,51.4486765504932],[-0.315744775642828,51.4469057864565],[-0.315804268850942,51.4466580027282],[-0.318897388956792,51.4464303925736],[-0.321500073168154,51.4468606687765],[-0.325150179799941,51.4465334218753],[-0.32718670091478,51.4456434976684],[-0.330369332556721,51.4429601707003],[-0.331376398595921,51.4415619853765],[-0.331380812595006,51.4415568362847],[-0.331383875463254,51.4415532640891],[-0.331632041948247,51.4412637704576],[-0.331207698824646,51.4397407219004],[-0.331844998613703,51.4391720399727],[-0.330576398270608,51.4384683064401],[-0.329067498408194,51.4366627186425],[-0.328454639033592,51.4339074042211],[-0.328430872233254,51.4338788265],[-0.328420370507501,51.4338661980024],[-0.327222425221962,51.4324257288725],[-0.324793955597652,51.4308518472701],[-0.322331871969191,51.4298891994827],[-0.319986381290736,51.4293978622396],[-0.319968092550334,51.4293940309079],[-0.319916305656715,51.4293835342452],[-0.318485584241237,51.4290935364749],[-0.31834719716531,51.429467284213],[-0.318329514736671,51.4295150388088],[-0.318319020455922,51.4295433831617],[-0.319069694695237,51.4300123951133],[-0.323354118279673,51.4308673637668],[-0.325852980578646,51.4323229892304],[-0.325659724826943,51.4325720131072],[-0.326952854179445,51.4333854086755],[-0.327595458803367,51.4343832906435],[-0.328020294819308,51.436695438848],[-0.329074514998701,51.4380467388327],[-0.328506374863958,51.4380017665833],[-0.329146317315752,51.4381884927923],[-0.330083970492546,51.4396604164062],[-0.330078215535752,51.4415923360531],[-0.329138944100891,51.4426854513503],[-0.327790935050194,51.4434440571286],[-0.321711014698335,51.44536736634],[-0.317058398166893,51.4457601467073],[-0.312986151833002,51.4464911311121],[-0.309564626628891,51.4472709324648],[-0.305756440513044,51.4485985346706],[-0.302820113828637,51.4513068590349],[-0.302611657860745,51.452232323249],[-0.302801605722219,51.4533982610145],[-0.305036867798716,51.4564557617891],[-0.307992662054818,51.4588076661776],[-0.313839225362222,51.4607121548263],[-0.313854138652001,51.4607170121295],[-0.31388009182422,51.4607254651319],[-0.316931088836458,51.4624703779767],[-0.319771227063503,51.4646720183509],[-0.319212463715137,51.468440429566],[-0.318580322470445,51.4702060471412],[-0.317715853985402,51.4710047771347],[-0.314596130978665,51.4717935920675],[-0.310047382748542,51.4734733329624],[-0.310042379209088,51.4734755872322],[-0.30680386245554,51.4749344008142],[-0.302583060852792,51.4792478815471],[-0.295262384137631,51.4848260294886],[-0.290002663266956,51.4863398436059],[-0.287291685571959,51.4864999372295],[-0.284432694553367,51.485901968625],[-0.280386812103438,51.4837762146227],[-0.27794116544933,51.482056447531],[-0.273985431356271,51.4756485277324],[-0.273511635274441,51.4751332500875],[-0.272441066746787,51.4739689059032],[-0.270488167875147,51.4726953980082],[-0.270478565998918,51.4726901144895],[-0.267825403169542,51.4712300477069],[-0.264027180261776,51.4702158497037],[-0.260328915090003,51.4703111687342],[-0.258553377337441,51.470430063886],[-0.255677875640439,51.4711697126329],[-0.253377523039181,51.472229895803],[-0.25147937049243,51.4736273987758],[-0.251477035445965,51.4736291175351],[-0.251474240550281,51.4736328842498],[-0.249655497568772,51.476084424309],[-0.249218115666759,51.4792163542915],[-0.249378406310455,51.4820649367441],[-0.248399719241134,51.4838340324601],[-0.24107902822029,51.4882815436419],[-0.238996215396385,51.4888600015436],[-0.235636070467878,51.4889988137701],[-0.233148810691863,51.4885603057874],[-0.231314813462387,51.4878802503232],[-0.228018232350901,51.4851178658477],[-0.226836799259448,51.4809674366205],[-0.226622558451729,51.4761850446271],[-0.224871310099639,51.4736842189359]]]]},"properties":{"LAD24CD":"E09000027","LAD24NM":"Richmond upon Thames"}},{"type":"Feature","geometry":{"type":"Polygon","coordinates":[[[-0.104675765428944,51.5086146074793],[-0.104684269537331,51.5084052672415],[-0.104150965816208,51.5085440225566],[-0.0961130164085672,51.508378330775],[-0.092076988110946,51.5072300129346],[-0.0881483393038312,51.5069149133768],[-0.0881458819612396,51.5069147159455],[-0.0880753410860817,51.5069090570425],[-0.0861288990040808,51.5065467717919],[-0.0846875740958499,51.5066226093163],[-0.0811352973936893,51.505939951835],[-0.0761191758743767,51.5044105785224],[-0.0727182991462416,51.5036026600717],[-0.0717771253973082,51.5030762419422],[-0.0708721384938888,51.5025700468132],[-0.0734874174956601,51.5004862890642],[-0.0707778379433181,51.5022101348623],[-0.06735834144395,51.5012289002889],[-0.0671900308833729,51.5014437492613],[-0.0637888065090629,51.5006295433663],[-0.0572549094802997,51.5008536209564],[-0.051242631234441,51.5027367047726],[-0.0507213796224176,51.5028999422056],[-0.0487832114181187,51.504025693812],[-0.0491698283486771,51.5043592819454],[-0.0487623360868406,51.5044380156963],[-0.0487625601037475,51.5044354717889],[-0.0482794221881823,51.5043993625255],[-0.048038828014307,51.5042970022518],[-0.0477051780028952,51.504155049223],[-0.048008945862971,51.5047680145215],[-0.0469813925270288,51.5053606101307],[-0.0460503851809542,51.5051480687158],[-0.0465423456034028,51.5056563513292],[-0.0457279326203202,51.5061299168452],[-0.04531801401462,51.5059234456238],[-0.044367033635846,51.5069505668309],[-0.0413015067382243,51.5074909455229],[-0.0372643186242371,51.5072306368791],[-0.0373142128844935,51.5064222112051],[-0.0367900741650637,51.5071333097875],[-0.0341944281411642,51.5063040313098],[-0.0330584603971302,51.5050936984544],[-0.0330172841563302,51.5043605415863],[-0.0323217828052584,51.5043493182938],[-0.0323340834353003,51.5024203941761],[-0.0323488247829482,51.5001082966317],[-0.0327294946902589,51.5000881591977],[-0.0324895569237444,51.4982837548205],[-0.0329443169341565,51.4969415573242],[-0.0325486969911669,51.4960086475664],[-0.0339573378331268,51.4956824679829],[-0.0338489454058295,51.4954729134783],[-0.0325343086489802,51.4956738704276],[-0.032663996776734,51.4944026544547],[-0.0332492532286884,51.494143592028],[-0.0326396995414026,51.4941306611303],[-0.0323984409474108,51.4931130002789],[-0.0323926724657008,51.4930886675594],[-0.0372509004483816,51.4922243551351],[-0.0392346136693459,51.4929661701324],[-0.0404918109324734,51.4927970377123],[-0.0400305589637998,51.4921823692203],[-0.0410237427519533,51.4918306042451],[-0.0402768877266922,51.4910455274709],[-0.0424791011143275,51.4902513308808],[-0.0422556146558012,51.4900887301159],[-0.04601573447094,51.4902913649068],[-0.0465288526279895,51.4903483477681],[-0.0465408369817739,51.4906693066632],[-0.051339477164936,51.489504263917],[-0.0519367557085934,51.4891146020612],[-0.0500654204735039,51.488330275748],[-0.0504869840191773,51.4879203982254],[-0.0523455115819233,51.4878007146528],[-0.0525915556698115,51.4875517193971],[-0.05396947356612,51.4879410458672],[-0.0528544976167043,51.4866841917188],[-0.0529253142180146,51.4860036116896],[-0.0535341526444248,51.4856800709283],[-0.0530555880490071,51.4850376770388],[-0.0527821365874229,51.4827251851003],[-0.0530988753439291,51.4809270203614],[-0.0542345709209316,51.4785957105858],[-0.0526873714357894,51.4780143281254],[-0.0527415260071442,51.4729698559247],[-0.0516576473370111,51.4697158352888],[-0.052269468059822,51.4692259311206],[-0.0508512705109908,51.4675767332687],[-0.0512970182554015,51.4673698490398],[-0.0505440746069897,51.4667896785733],[-0.0508118368869824,51.4666539801582],[-0.0481762655821977,51.4658943196172],[-0.0485152255577053,51.4656265044778],[-0.0474708938823567,51.465124206259],[-0.0459733454258121,51.4639748067656],[-0.0451910322713688,51.4620450456214],[-0.0452113725232108,51.4594308731575],[-0.0461340132171619,51.4569460841076],[-0.044574167942645,51.4565814512291],[-0.041647581474361,51.4549968144225],[-0.0460800999179694,51.4498680240608],[-0.0489967287694698,51.4501064840782],[-0.0538558015356858,51.4486863266398],[-0.0575776925323399,51.4503257679376],[-0.0618014306463358,51.447786577102],[-0.0630176173282986,51.4461990872988],[-0.0637020964341871,51.4442241212384],[-0.0640358047448946,51.4420716348167],[-0.0650303659635068,51.4411634972235],[-0.0640489495109607,51.4408409400232],[-0.0634005550632505,51.4375718084188],[-0.0643931855103375,51.4370506029422],[-0.065851493442402,51.434626468021],[-0.0668123655494092,51.4338815106619],[-0.0691136953308728,51.4328306396868],[-0.0706869364202267,51.4324716169232],[-0.0722261774625598,51.4324984682568],[-0.0728653517287247,51.4320968328109],[-0.0748640231200568,51.4298417000469],[-0.075080646733418,51.428983167635],[-0.0739072700998478,51.4262129230519],[-0.075041494918316,51.4256269552702],[-0.0782876818800692,51.4206047134332],[-0.0792173354281002,51.42086863215],[-0.0789084667970877,51.4215682283846],[-0.0798353628001291,51.4221395523035],[-0.0808761077385236,51.4218597404027],[-0.0817344046773027,51.4233784109697],[-0.0834623720671021,51.4229968215806],[-0.0840349390102656,51.4256913375868],[-0.0851869745054043,51.4272995730433],[-0.0860750355372975,51.4278171149131],[-0.0859092487501567,51.4285044003789],[-0.0881978237940604,51.4293353183527],[-0.0893452317675668,51.4320171661938],[-0.0910192192332483,51.4375532018081],[-0.0928955395040948,51.4410815818409],[-0.0944265799750353,51.4432353589746],[-0.0950652565280574,51.4454120608314],[-0.0960376933581986,51.446725926757],[-0.0991342066409539,51.4489749631196],[-0.0999621460455648,51.4502728245113],[-0.100762530181985,51.450336114654],[-0.101454142519827,51.4522163166063],[-0.101080293087612,51.4539272704411],[-0.0958124670776835,51.4574150014369],[-0.0949473216830476,51.4587871996821],[-0.0922440563460276,51.4610584117482],[-0.0906577296434764,51.4633175035761],[-0.0900629319170935,51.4658306485354],[-0.0911507750355479,51.4675960376018],[-0.0927563656289627,51.4698694188292],[-0.0930151332399318,51.4720285685117],[-0.0936259850610647,51.4717351586312],[-0.0941433093961678,51.470673100518],[-0.0959751474112139,51.4698674301148],[-0.0988290607824423,51.4718716878164],[-0.0993647297693536,51.4726431603549],[-0.10065393018864,51.474447421586],[-0.0999721845597207,51.476864060148],[-0.103573325567939,51.4783577650999],[-0.108209178745986,51.4802861676085],[-0.104033587799528,51.4809014058956],[-0.106018261091277,51.4826980486593],[-0.105612023384638,51.4829402040336],[-0.107189477364099,51.4836490712201],[-0.106359457173477,51.4848986121474],[-0.108460594138318,51.4858488361151],[-0.103272415150889,51.4912527721722],[-0.104852358393814,51.4935279334602],[-0.110934052373937,51.4954679912491],[-0.111466570957293,51.4964588678812],[-0.110257746605117,51.496763291206],[-0.108266979418785,51.5004426022444],[-0.10647423896944,51.5015707868122],[-0.105916627617627,51.5020333860956],[-0.106077481114859,51.5025242788621],[-0.106757424261746,51.5022096224697],[-0.107392358397182,51.5030356312674],[-0.106403248457154,51.5033666726851],[-0.106485998777198,51.5050629730083],[-0.107338698342433,51.5070721661968],[-0.108165120586132,51.506922229892],[-0.10871351564232,51.507765366376],[-0.108857461430635,51.5084260510195],[-0.104720650732497,51.5085579642296],[-0.104683527016222,51.5086156510519],[-0.104675765428944,51.5086146074793]]]},"properties":{"LAD24CD":"E09000028","LAD24NM":"Southwark"}},{"type":"Feature","geometry":{"type":"Polygon","coordinates":[[[-0.166329573049792,51.3896090839188],[-0.165299266767606,51.3879991037365],[-0.161826346385023,51.3881372961496],[-0.160961193086177,51.3878193185581],[-0.159870506323104,51.3885093246971],[-0.158270747383943,51.3888209069569],[-0.158026699152325,51.389251356279],[-0.152647253645332,51.389774141214],[-0.144280534363931,51.3906650887328],[-0.14323257693588,51.3904165444173],[-0.141849967742782,51.3893040785996],[-0.134836543112323,51.3909612505461],[-0.134321993903791,51.3908470661783],[-0.13261288844745,51.3901249339124],[-0.133234752312872,51.3895521140991],[-0.129566505009285,51.3872309818908],[-0.130632294439637,51.3862681983182],[-0.128760011133675,51.3856431179616],[-0.129514898946542,51.3853006803099],[-0.128648796741574,51.382493454357],[-0.130261888492008,51.3822140377138],[-0.128049150500356,51.3804751494334],[-0.126732898500071,51.3770681448536],[-0.125840985080286,51.3755992811025],[-0.126834723541615,51.3754664195002],[-0.126674514578054,51.3749152722065],[-0.127842352848183,51.3747410269512],[-0.124762057193566,51.3736863413263],[-0.124745912217793,51.3729365033815],[-0.123326780930294,51.3711984406336],[-0.122078281656429,51.3657541776397],[-0.124116081766397,51.3653501514467],[-0.122336988661194,51.3645213108036],[-0.12130137633784,51.3647268937773],[-0.120903500493868,51.3633077744408],[-0.12140265279712,51.3623437631071],[-0.121366806670331,51.3610399980284],[-0.122014136100827,51.3609639763335],[-0.121816937190466,51.3599770806331],[-0.12288486825092,51.3599240264274],[-0.121894540634818,51.3590717225046],[-0.123318616959913,51.3589039564973],[-0.123470691200314,51.3591541313065],[-0.124591346813467,51.3588729534671],[-0.124554967689601,51.358363305136],[-0.124188829561267,51.3574142924557],[-0.121373975745096,51.3577401888872],[-0.120149031060929,51.3530276135147],[-0.11909473537565,51.3531379825468],[-0.118624594642974,51.3518424502335],[-0.117378055521415,51.3466490352528],[-0.116934258986665,51.3466804778224],[-0.116842029977448,51.3457628590904],[-0.117284836311771,51.3456666141671],[-0.118678553663495,51.3458477035862],[-0.118898161446538,51.3455771500319],[-0.125875453491107,51.3452327703513],[-0.126854880054177,51.3448644246307],[-0.127279014929812,51.347091138988],[-0.127513725712915,51.3474467184891],[-0.128347393422096,51.3474505691246],[-0.128851811718693,51.3472706206874],[-0.128964281487169,51.3465823328988],[-0.131418656486028,51.346024647071],[-0.131092308834141,51.3454708484651],[-0.132864027644778,51.3454342454123],[-0.132484895636453,51.3442724853007],[-0.136253021585845,51.3444076883921],[-0.136340896567951,51.3447912595839],[-0.136869320555868,51.3447201184966],[-0.141531530744641,51.3434131874425],[-0.14418241887013,51.3422910540105],[-0.144576133845834,51.3420876651782],[-0.143458983799658,51.340539018072],[-0.144280389204621,51.3402189444343],[-0.144463895734416,51.3395113925006],[-0.147483922501982,51.3387980163622],[-0.145594430642885,51.332454959603],[-0.144071412377831,51.3306907688749],[-0.149188030596626,51.3288459104555],[-0.144411359169946,51.3264647672189],[-0.144232252932735,51.3259290322366],[-0.14557670392873,51.3234929540783],[-0.147930696732596,51.3226830418183],[-0.149003761414741,51.3228015591336],[-0.150677617675547,51.3221683815927],[-0.152070678446811,51.3222713354473],[-0.152720892895178,51.3230003423799],[-0.156523624561657,51.321485286252],[-0.158634513022564,51.3239758709806],[-0.160600116025925,51.3232414898837],[-0.164187029319929,51.3260405183973],[-0.163567228253123,51.3262133988898],[-0.164362156000791,51.3281260549106],[-0.163982170696406,51.3281875288167],[-0.163970646115068,51.3285830130605],[-0.162290500691429,51.3288894041289],[-0.163076717058335,51.3302642191945],[-0.170065836767003,51.3294743180842],[-0.16989442115201,51.330245884325],[-0.172854635136869,51.3300134475821],[-0.174139125445574,51.3332115605332],[-0.174666244468829,51.333168448492],[-0.175019793495567,51.3338097560144],[-0.187459116165297,51.3408122814387],[-0.193229272402731,51.3426256158056],[-0.196047487352986,51.3433300431202],[-0.196267143164344,51.3430393574419],[-0.196690325340346,51.3431582560367],[-0.196541212119756,51.3434464322384],[-0.197319340394251,51.3435951598667],[-0.198557576483129,51.3422994027072],[-0.199557392330879,51.3418840637973],[-0.201199296412049,51.3398841695948],[-0.202046363154046,51.340142616863],[-0.20205494756804,51.340140194764],[-0.213053983018457,51.335553568244],[-0.211968448705917,51.3333261120878],[-0.214229603051396,51.330252715746],[-0.216085272317037,51.3297994479429],[-0.220841625332819,51.3298019706872],[-0.229822682346971,51.3365228045655],[-0.226826853442208,51.337888470377],[-0.224090565020614,51.3400412234932],[-0.223261121111112,51.3398811076016],[-0.222276761871338,51.3404605940402],[-0.222700381564937,51.3408294208442],[-0.221785936519717,51.3413452357562],[-0.217264425534208,51.3433870908022],[-0.21777747301199,51.3456313934939],[-0.22018551426333,51.3500798623837],[-0.220420862146078,51.3514197278752],[-0.221261964912739,51.3511708037795],[-0.222091853689523,51.3513246377407],[-0.221974866292256,51.3535305503846],[-0.222736428311044,51.3570860723604],[-0.224057875439187,51.3592742258887],[-0.226944751876078,51.3626256423043],[-0.233191345765746,51.3660100237169],[-0.233949400956512,51.3653847827061],[-0.236779812334742,51.3667969112556],[-0.237824768755512,51.3670068989883],[-0.238917446309639,51.366834444855],[-0.24089087845287,51.3670367764087],[-0.241150340069487,51.3662619656321],[-0.245382434157475,51.3668892943279],[-0.244679372720784,51.3690611536447],[-0.245041240280716,51.3799602694744],[-0.245027866580531,51.3800591554688],[-0.244940588211468,51.3806462805645],[-0.24427892294775,51.383066034374],[-0.243232236749675,51.3825969677177],[-0.241638610666307,51.3844948020123],[-0.238730295207436,51.3860881825436],[-0.239691091190174,51.3892739323285],[-0.234641229449196,51.3905577876604],[-0.233712357195317,51.3876149280023],[-0.227724593485754,51.3839693320205],[-0.223186338710371,51.3820558936221],[-0.218080128415406,51.3801823745994],[-0.213739524252793,51.3840356773437],[-0.212943947841898,51.3848512179571],[-0.213360443776366,51.3850547669109],[-0.209783879622302,51.3882997551536],[-0.205073830430377,51.3861357654738],[-0.203406993201415,51.387253275613],[-0.200282488049242,51.3849415454247],[-0.193843953585038,51.3879135708231],[-0.193479892063415,51.3876465039907],[-0.193141586701256,51.3878337228694],[-0.191845074590488,51.3869118863861],[-0.191606700460251,51.3871153666504],[-0.191100971479334,51.3868838105074],[-0.190291188379491,51.3863708273359],[-0.190491734111209,51.3862042542524],[-0.189635576938184,51.3860218166205],[-0.188399006002823,51.3854342806016],[-0.184505748431722,51.3875128788425],[-0.18267406468114,51.3880681054888],[-0.179299666601683,51.3898045013814],[-0.174812978456833,51.3934129458752],[-0.172919399332055,51.3926752677701],[-0.171307920936,51.3925177787056],[-0.169945924618617,51.3917252724006],[-0.16747246297784,51.3900038515912],[-0.166329573049792,51.3896090839188]]]},"properties":{"LAD24CD":"E09000029","LAD24NM":"Sutton"}},{"type":"Feature","geometry":{"type":"Polygon","coordinates":[[[-0.0295535275710296,51.5430909967655],[-0.0289910688237788,51.5422729755855],[-0.0255845560641751,51.5433389605769],[-0.0198528971615672,51.543582851157],[-0.016549676137034,51.543329866783],[-0.0160914222675856,51.5424768205726],[-0.0165950088188554,51.5413902653313],[-0.0176990535501777,51.540956854853],[-0.0178585067039408,51.5401748296542],[-0.0188858206435576,51.5393410351726],[-0.0194459919845924,51.5382541523751],[-0.0212678337033492,51.537007401385],[-0.0209533848689064,51.5362839232834],[-0.0196630017758413,51.53558511685],[-0.0189479456359201,51.5341390431197],[-0.0180712274677356,51.5334388795995],[-0.0180112178111926,51.5322223572861],[-0.0171472640301074,51.531315223323],[-0.0136822637916931,51.5298465466927],[-0.0106879295018272,51.5292813245902],[-0.010267401705797,51.5284820738619],[-0.00864083527791054,51.5275562097429],[-0.00756245484960945,51.5262758842562],[-0.00776274195722487,51.5253940846822],[-0.00781941561658298,51.5253226555423],[-0.0080903401132746,51.5238353110294],[-0.00786298880813318,51.5230251459373],[-0.00863610343475222,51.5218258570453],[-0.00935047814368256,51.5218221083188],[-0.00916535605535765,51.5198953123681],[-0.00672335046484916,51.5182989806877],[-0.00597091740871718,51.5164217079654],[-0.00513219001704403,51.5162350194609],[-0.00437431823682927,51.5164109730052],[-0.00345374955264658,51.5176144122316],[-0.00259251148183001,51.5177908748044],[0.00267281270796215,51.5155173847204],[0.00358902457781944,51.5145452480198],[0.00356188636295391,51.5144913816586],[0.00177541246975129,51.5109451476781],[0.00175883497526898,51.510912237051],[0.00280785452065839,51.5103858277281],[0.00432737876803565,51.510595471271],[0.00553760667686258,51.5135222730904],[0.0059403026777042,51.5139290656349],[0.00669456548252087,51.5139237964977],[0.00739341384163838,51.5127275294519],[0.00558282068597942,51.5100263106602],[0.00635103256875777,51.5093728495367],[0.00895751436619348,51.5088380741335],[0.0087897328377628,51.5073679025731],[0.00580107429831246,51.5082652071514],[0.00367595982686936,51.5083799115911],[0.00346977847862123,51.5080165215598],[0.00298993482783094,51.508237137481],[-0.0017330928547502,51.5074758266721],[-0.00343337058191878,51.5066234807808],[-0.00539069761020905,51.5050317603124],[-0.00577379065589522,51.5051354033132],[-0.00558967458971964,51.5047981793167],[-0.00721926752372769,51.5031185659446],[-0.00750611574036416,51.5020011537754],[-0.00763334663062979,51.5015055083589],[-0.00865742714048288,51.5013488954759],[-0.00774251086436032,51.5008036581729],[-0.00727732854927773,51.498307425659],[-0.00695595254179034,51.4983424299207],[-0.00560596663949319,51.4958365491166],[-0.00621228535749718,51.4956103503868],[-0.00542398197608864,51.4946437012692],[-0.00475993339176973,51.4945429236885],[-0.00329912591540556,51.492270748125],[-0.00305835383201672,51.4908758583519],[-0.00309167952330675,51.4907755781777],[-0.00368700295737438,51.4889841672217],[-0.00443521156790546,51.4882779238809],[-0.00512593818197643,51.4886066757819],[-0.00462071387538801,51.4881367453076],[-0.00666930272684184,51.4870836319322],[-0.011499955393768,51.4861402853466],[-0.0163772213541737,51.4861418692593],[-0.0209800590719884,51.4873290374268],[-0.0238233363380981,51.4889462817999],[-0.0256993083395575,51.4906952764714],[-0.0273317297290978,51.4935121860036],[-0.0272354033521087,51.4938077796068],[-0.0266156557099079,51.4939351561838],[-0.0262324584924791,51.4940139131663],[-0.0276289987313739,51.494251011006],[-0.0278731731712808,51.4946849815283],[-0.0274125302329005,51.5018126420491],[-0.0271857275401079,51.5023337025987],[-0.0267478337706362,51.5033396898885],[-0.0284569843197244,51.5056666433604],[-0.0286292496668767,51.5049914182583],[-0.0289348264330807,51.5053931428918],[-0.0285788469674798,51.5052842783097],[-0.0285206738069807,51.5056636091956],[-0.0284520096483116,51.5057186599946],[-0.0301024359120838,51.5074231961392],[-0.0304146652410577,51.5072417613946],[-0.0304816827257795,51.5072778999713],[-0.0304849964279893,51.50727968676],[-0.0315249534077479,51.5078404521662],[-0.0298562114227503,51.5089082057933],[-0.0315983793685159,51.5082062547118],[-0.0325995369626795,51.5082422116025],[-0.0331638789618662,51.5086833344777],[-0.0355854845142226,51.5090722171108],[-0.0359165918797421,51.5093817195299],[-0.0373338348756442,51.5093606623602],[-0.036923055777971,51.5099785161459],[-0.0378008387660431,51.5094995917881],[-0.0418828679135341,51.509784509901],[-0.0421051650428003,51.5098000215205],[-0.0460581624606718,51.5093559848278],[-0.0491298161449178,51.508009655467],[-0.0496874057492805,51.5080796308318],[-0.049399673417847,51.5078491283464],[-0.0504208177582184,51.5075927312447],[-0.0561632101959565,51.5038765233909],[-0.0594728183520723,51.5028732919097],[-0.0596301313710898,51.5028256030035],[-0.0608433554019432,51.5028092554399],[-0.0610334749116211,51.5028991029829],[-0.0616252131681764,51.503178745338],[-0.0625782171372023,51.5030978261621],[-0.0651774750084682,51.5037273445056],[-0.0653468922452096,51.5034902149182],[-0.0652201063307644,51.5037380299438],[-0.0680806879647121,51.5044797987428],[-0.0680677173284664,51.5048782316212],[-0.0686650569559773,51.5045363714461],[-0.0705742848704724,51.5053560313798],[-0.0711860720533719,51.5051664641414],[-0.0712718534347806,51.5057793802888],[-0.0737674198171664,51.5061954226511],[-0.0747585902712177,51.5067139536333],[-0.0793877065649899,51.5078026933895],[-0.0794606679760436,51.5078243089498],[-0.079465009142246,51.5078255950138],[-0.0787048497474394,51.5088349370013],[-0.0790716949456976,51.5090640953625],[-0.078814775941371,51.5094607319234],[-0.0778556775247856,51.5100854315985],[-0.0762122515601643,51.510560386011],[-0.0755174020911968,51.50973639082],[-0.0745446293087759,51.5099541982695],[-0.0728126744795471,51.5102370516409],[-0.0730520769526355,51.5118083252744],[-0.0740032846027966,51.5144784652424],[-0.0768720421523466,51.5166250763039],[-0.078173494433389,51.5184712040684],[-0.0780990540114851,51.518978621658],[-0.0794129529519501,51.5188853300669],[-0.0785291057043016,51.5215119179615],[-0.0782521040744254,51.5219025818914],[-0.0764583205438268,51.5220464712047],[-0.076119965722006,51.522368978201],[-0.0757417110885002,51.523681358418],[-0.0759273904518611,51.52433907218],[-0.076459965151695,51.5243182940837],[-0.0766410444439245,51.5263467521083],[-0.0762971095866288,51.5271422083987],[-0.0772734871357757,51.5273053535397],[-0.0757153095558964,51.5283581942797],[-0.0745753884604118,51.5298521058624],[-0.0728284472465958,51.53065700874],[-0.0662534489513387,51.531220072024],[-0.065162284380672,51.5331551659224],[-0.0650086094858108,51.5329044572356],[-0.0621901686195596,51.5332591767432],[-0.0628602310278854,51.5349187215955],[-0.0624344459546157,51.5355324975372],[-0.0600733464191528,51.5341960228764],[-0.0587579357467386,51.534104763488],[-0.0573019079744903,51.5344144403849],[-0.0546741067102239,51.5351554692028],[-0.0528564510841317,51.534938715867],[-0.0523769045393786,51.5359310318297],[-0.05091293600747,51.5364617048636],[-0.0497007576085603,51.5363466092268],[-0.0471597768522713,51.5354487752517],[-0.0449632628777945,51.5357814762523],[-0.0414935933938469,51.5374425614696],[-0.0407379137152159,51.5381186562258],[-0.0374213185800631,51.5412814848204],[-0.0371437136784512,51.5414166108775],[-0.0377336189286635,51.5417985078125],[-0.0331911146315964,51.5446857163683],[-0.0295535275710296,51.5430909967655]]]},"properties":{"LAD24CD":"E09000030","LAD24NM":"Tower Hamlets"}},{"type":"Feature","geometry":{"type":"Polygon","coordinates":[[[-0.00819137062374212,51.643608547175],[-0.00665694868219352,51.6433334038933],[-0.00455937686855317,51.6435379292965],[-0.00398408563311855,51.6427170525986],[-0.000494698122584322,51.6437107521076],[0.00106727848739178,51.6417623958517],[0.00989870250801183,51.6414497195553],[0.0174206843425862,51.6402578935014],[0.0200796270017894,51.6404469316651],[0.0227195416969588,51.6411154928849],[0.0230828384457177,51.6377181161892],[0.0251592141335186,51.6372893888204],[0.0247124052813166,51.6360516138983],[0.0252244065649691,51.6352496012213],[0.0257386646061706,51.6345654061381],[0.0243296846966587,51.6323892160519],[0.0238902867271295,51.6307970248787],[0.021819035344359,51.6288327861104],[0.0209959827463822,51.6289177758475],[0.0205800171712431,51.6273351924213],[0.0199387341419756,51.6270058984097],[0.0200877350284357,51.6264287749617],[0.0191202305141922,51.6250451907667],[0.0187815927977718,51.6240917997184],[0.0190661240361208,51.6236685729198],[0.0184922201562063,51.6235053474867],[0.018845105450582,51.6232564781976],[0.0184682253431733,51.6227860956796],[0.0177108657798303,51.6223426156163],[0.0170577998643863,51.6223557511355],[0.0170530946904182,51.6219869950665],[0.0162293061239006,51.6217746026281],[0.0159062993547018,51.6209493740693],[0.0142707185172037,51.6202765981251],[0.0147278646748309,51.6197611887416],[0.0145380924454833,51.6188930894347],[0.00869444540428972,51.6190699014527],[0.0162744360427842,51.6168571923616],[0.021250445433346,51.6123074583878],[0.0214246059466039,51.6110918355539],[0.019280772375472,51.6082456410032],[0.0195790134681853,51.6076109417029],[0.0191450686104209,51.6077902055942],[0.0164189827493158,51.6039305627401],[0.0129664781945863,51.5991231108759],[0.0125469358387258,51.5953635058787],[0.0125456902701729,51.5953571434838],[0.0120959005062663,51.5926905007426],[0.0129671463596429,51.5869620327693],[0.0134135251495813,51.5837836214494],[0.0149354845145147,51.5833577453248],[0.0155406198264996,51.5833466104163],[0.0153324486294402,51.5824747570735],[0.0157036848124435,51.581837107156],[0.0153511129539794,51.5816429065729],[0.0175055958131868,51.5773877163871],[0.0174126927443315,51.5744862726183],[0.0164867288262751,51.5728872338189],[0.018054755978928,51.572037465492],[0.0189211206830962,51.5723220948874],[0.0191310762333434,51.5698548949449],[0.0182816546563944,51.5701386062177],[0.0176834360980589,51.570014231689],[0.0189981745610268,51.566976234946],[0.0188589439099717,51.566326029471],[0.0175776751203158,51.565663562536],[0.0144647745054095,51.5656157946217],[0.014308954583771,51.5635078782028],[0.014819972211581,51.5594262597113],[0.0171406995354919,51.5588406578638],[0.0204742041657707,51.5561281250745],[0.0215231566947089,51.5548945197309],[0.0169935805128912,51.5531510467213],[0.0167555698743952,51.5533789463564],[0.0162807966979312,51.5531927103866],[0.0146412934547694,51.5549643727134],[0.0116324112780196,51.553914514048],[0.0111389188962285,51.5543858195517],[0.00963792344479538,51.5534132157807],[0.0108254594209027,51.5522446489178],[0.00956876687641141,51.5512469832366],[0.00577316007156642,51.5506597007376],[0.00574804977316861,51.5518622024058],[0.00524738600418386,51.551985090597],[0.00387608074798662,51.5517991772503],[0.00332036016694168,51.5520951421523],[-0.000155843808584557,51.5517314704798],[-0.00358055578905326,51.5509119805722],[-0.00376048265764111,51.5511660541055],[-0.00416104016302288,51.5510339048465],[-0.00868625229743246,51.549922890254],[-0.00944305996571895,51.5521969120418],[-0.0108423820256557,51.5526236900054],[-0.0137889317750428,51.5519200973542],[-0.016918682041395,51.5514029177571],[-0.0171743352515583,51.5515772837198],[-0.0171740512189124,51.5516758944393],[-0.0174811722760853,51.5533409042808],[-0.0184641541397368,51.5551846243824],[-0.0230062818046805,51.5572723913801],[-0.0239407737144592,51.5573697775929],[-0.0243386915739582,51.5586389797272],[-0.0257782249314975,51.5598757347937],[-0.0283905349440393,51.5610202500371],[-0.0300395889044704,51.5613589106994],[-0.033285271928068,51.56061999249],[-0.0362865933146907,51.5614752936842],[-0.0388197211113053,51.5611586933099],[-0.0401758622424248,51.5617829852681],[-0.0423626660088638,51.5613681749881],[-0.0451297085977058,51.5617899453013],[-0.0472480949832943,51.5627061120467],[-0.0466562946415431,51.5643767492832],[-0.0511449586418684,51.5677293943477],[-0.0511470697400311,51.5677302063412],[-0.053287507628187,51.5686590122062],[-0.0543552806678895,51.5702851597708],[-0.0563161668169224,51.570711273431],[-0.0584321090167435,51.5725649127932],[-0.0611585720665009,51.5777860361975],[-0.062184586349229,51.5791920640281],[-0.0619435035509746,51.5800296097217],[-0.061000701093672,51.5808502199603],[-0.0578323463955487,51.582514605803],[-0.0557363367241384,51.584255157205],[-0.0548398372104154,51.5857805997798],[-0.0532005923039354,51.5869327250794],[-0.0521573976884849,51.5876616503059],[-0.0535326863084434,51.5900059301302],[-0.0522889320835113,51.5935410368686],[-0.0504028618917922,51.5966640701376],[-0.0460324064712639,51.6001218400948],[-0.0435186348223699,51.6027101538997],[-0.041390716789704,51.6056467844159],[-0.0352240727946998,51.608268207549],[-0.0339466520484612,51.6095038598729],[-0.0340560973716441,51.6102154095317],[-0.0354937606356267,51.6119639305914],[-0.0353224501907725,51.6129842497683],[-0.0320990606863433,51.6168647489811],[-0.0259377705220752,51.6217428218387],[-0.0240246173705617,51.6246439645404],[-0.0233926028915014,51.6252784380583],[-0.0168090819163363,51.6335288973903],[-0.0147800744979147,51.6367387862758],[-0.0133086728040582,51.6396949382653],[-0.0122596870547121,51.6462286962719],[-0.00921407821782174,51.6465278469181],[-0.00734376410706468,51.6461616179334],[-0.00844579852928483,51.6444977719836],[-0.00819137062374212,51.643608547175]]]},"properties":{"LAD24CD":"E09000031","LAD24NM":"Waltham Forest"}},{"type":"Feature","geometry":{"type":"Polygon","coordinates":[[[-0.127056218266137,51.4835805738212],[-0.127481700381845,51.4820097136454],[-0.129937287491489,51.48117352462],[-0.130683537744401,51.4801793285046],[-0.13387647860239,51.4756943934906],[-0.13520708998533,51.4742915894545],[-0.134445897632089,51.4739624394341],[-0.134664497992621,51.4733401913503],[-0.135794146780679,51.4727114581676],[-0.136904799699104,51.473088739722],[-0.138326464852263,51.4719627320752],[-0.139489285297356,51.4717929818149],[-0.139306241780889,51.4715303523298],[-0.139785263891007,51.4713325195503],[-0.140418758150858,51.4715300068447],[-0.142704269112585,51.4700762406593],[-0.143116955255333,51.470512616574],[-0.150537817483623,51.4676280756505],[-0.150658802947856,51.4662912045093],[-0.150551491834348,51.4659487462731],[-0.151211614592545,51.4658611552256],[-0.150933201647102,51.4637973740946],[-0.149694859272761,51.461291727163],[-0.149376245139551,51.4593627583263],[-0.14814010330762,51.4564021881467],[-0.147352389580989,51.4529639898721],[-0.147704337009784,51.4523400599752],[-0.142285534925371,51.4509823240248],[-0.143116121447447,51.4497094793946],[-0.144813183140119,51.4484374488739],[-0.145576035836982,51.4460179359294],[-0.145464847497787,51.4450684187328],[-0.143610577448564,51.4418389617206],[-0.137979440726898,51.4416940241593],[-0.135931718469766,51.4420074389573],[-0.136979798665832,51.4402460380213],[-0.137475775318929,51.4401579069043],[-0.137232919854898,51.4397249689372],[-0.137659341390584,51.4385859357389],[-0.139938047971136,51.4369470962655],[-0.139765384553264,51.4357437903669],[-0.137884499247972,51.4337844098372],[-0.136464099062131,51.4338804149878],[-0.135255998790616,51.4303225915898],[-0.138368338384437,51.4304849042091],[-0.138866326253484,51.4243374804367],[-0.137791699678717,51.421108380168],[-0.140358848161646,51.4192637035847],[-0.144454358993661,51.417751705071],[-0.149420808854251,51.4198882299477],[-0.15033540351685,51.4200765866373],[-0.151388394114291,51.4198742453916],[-0.159860356825961,51.4226030600675],[-0.159915122954229,51.4219654438145],[-0.160326438950233,51.4219067001989],[-0.161648654322682,51.4198568544278],[-0.165015219225781,51.4201073650844],[-0.164833602059389,51.4203582904771],[-0.167952443598719,51.4208201664455],[-0.173570188532307,51.4231768450003],[-0.178769641648691,51.4243191492688],[-0.181939169287309,51.4247312714289],[-0.184045539170172,51.426352393555],[-0.184554694118206,51.427819313819],[-0.184230920198413,51.4312675946232],[-0.185726011599937,51.4331664025473],[-0.187267527249529,51.4329863346087],[-0.187397630881723,51.4321030795025],[-0.188399330993625,51.4320891403492],[-0.189774535259361,51.4313512637707],[-0.191170675654779,51.4334547661404],[-0.19024921490484,51.4348016644724],[-0.189276069484165,51.4380375409247],[-0.189218065514694,51.4385441227964],[-0.190639590037065,51.4389193739508],[-0.18985428904194,51.4402710898283],[-0.190026527777626,51.4414645840233],[-0.204528109815396,51.4389532521203],[-0.209104648508521,51.4383044801875],[-0.212530125599758,51.4378293960445],[-0.215697720793874,51.4377427471829],[-0.216594258474707,51.4383706717937],[-0.21782201680995,51.4386927240871],[-0.220629461672805,51.4384606302655],[-0.224313610817667,51.4388680690666],[-0.224476439324272,51.4386069157413],[-0.225663923299855,51.4387274007762],[-0.231241775790899,51.4381627126034],[-0.241417272763755,51.4350240715244],[-0.251085089413751,51.432557791518],[-0.251280847100016,51.4342272018597],[-0.253088501444922,51.4352842028183],[-0.254066366518792,51.4372878642506],[-0.242721716909592,51.4419112808613],[-0.24159865877434,51.4431179850847],[-0.247289858979786,51.4491959095746],[-0.259111198831886,51.4549534889518],[-0.258466733609521,51.4570434126251],[-0.256800012380191,51.4598223085276],[-0.257958102690143,51.4603786614855],[-0.255947145177923,51.4630733671545],[-0.252950677329956,51.4652240434553],[-0.248747588002848,51.4650546583612],[-0.244245925605333,51.4652613274262],[-0.239534478428114,51.4648554240291],[-0.233290023158623,51.4639717456149],[-0.233568164755019,51.4653489374128],[-0.233626914383744,51.466089239176],[-0.232873971995118,51.4666343588823],[-0.233483177036173,51.4679985512234],[-0.232958389018286,51.471681434452],[-0.232733298874365,51.4725107587178],[-0.231193690359327,51.4728239810253],[-0.226953611355139,51.4714014941494],[-0.223617472767174,51.4707420512945],[-0.223442448413863,51.4714789739091],[-0.223408174319422,51.4714963341478],[-0.223365452403816,51.4715175115356],[-0.222885578359532,51.4717202720668],[-0.222487042459771,51.4715083007678],[-0.218042385723572,51.4681922467356],[-0.212757971639032,51.4655453540381],[-0.207268028639518,51.463900429476],[-0.203674938295673,51.4631952892813],[-0.199104019435762,51.4627094718538],[-0.195500450356724,51.4628886263516],[-0.195107466832498,51.4625972532258],[-0.195071167066992,51.4625703387633],[-0.195062897780062,51.46256420797],[-0.195047917893631,51.462348049839],[-0.195048178304338,51.462274841159],[-0.195050509643756,51.4616187172911],[-0.19505405090622,51.4606214601784],[-0.195054603623854,51.4606177393876],[-0.195055042836639,51.4606147794359],[-0.195143631222148,51.4600180460372],[-0.193301062837148,51.4597976878721],[-0.194754871876378,51.4601842754693],[-0.19478397846159,51.4606258332357],[-0.194858893020611,51.4617623057737],[-0.194359361544695,51.4613789008145],[-0.193884978675195,51.4614892232984],[-0.194916419745511,51.4626140851135],[-0.194793421429803,51.4629110215165],[-0.190362803152816,51.4634052532638],[-0.187166173727513,51.4642167193185],[-0.187122241885869,51.4642278703493],[-0.183598728488574,51.4654611219822],[-0.180957087181626,51.4675812113528],[-0.179141376002964,51.4700062202319],[-0.178472261863543,51.4701801773698],[-0.178574341524063,51.4706543254835],[-0.177900908470095,51.4706254285741],[-0.178511377064627,51.4707711508724],[-0.176854463062393,51.4748820094366],[-0.175662657212577,51.4761836809385],[-0.175988081001179,51.4764408959764],[-0.175262499190293,51.4777537704994],[-0.173954521103011,51.4790800549635],[-0.171696805278875,51.4802313206678],[-0.171633232175267,51.4802637352987],[-0.166295479382685,51.4813192517734],[-0.166242588848957,51.481329708688],[-0.14893167431511,51.4836080685344],[-0.147392476174702,51.4835804067516],[-0.146251083713656,51.4835598821763],[-0.14003878462456,51.4827353643514],[-0.137415607705942,51.482728802561],[-0.136912574040293,51.4824375436846],[-0.136724531175863,51.4827933627707],[-0.132057012326054,51.4837361788844],[-0.128506848127153,51.4850426317885],[-0.128153514265536,51.4847318197234],[-0.12630848820243,51.484471006524],[-0.127056218266137,51.4835805738212]]]},"properties":{"LAD24CD":"E09000032","LAD24NM":"Wandsworth"}},{"type":"Feature","geometry":{"type":"Polygon","coordinates":[[[-0.174128478544183,51.5382616885941],[-0.173476990559195,51.5376463903178],[-0.171934140702352,51.5384038512207],[-0.170876388503664,51.5377782480577],[-0.169447390913976,51.5385935575131],[-0.164898867211156,51.5357846395308],[-0.160396596135671,51.5372985101376],[-0.159351924771759,51.5363396423738],[-0.152701824938766,51.5375095403736],[-0.147123640879697,51.5250347421722],[-0.145764043772245,51.5252668132184],[-0.145205616696418,51.5239889702526],[-0.14408751434632,51.5239975294581],[-0.143986909810925,51.5246782216528],[-0.143384543178008,51.5245483930348],[-0.143544818600121,51.5239659654064],[-0.142844961598762,51.5238676797066],[-0.136961309094795,51.5188866189792],[-0.136278097237986,51.5191571733866],[-0.135797668689083,51.5186853550004],[-0.13520781378243,51.518929715323],[-0.134006210429943,51.5175472512074],[-0.133531598252919,51.5176972858276],[-0.132406111775616,51.5171171634979],[-0.132516418534426,51.5166730885835],[-0.130782502682123,51.5170819805722],[-0.130326509997426,51.5164195906224],[-0.129610815866559,51.5139988087359],[-0.128949099459364,51.5134147753338],[-0.127646380675082,51.5126789292831],[-0.127169746226547,51.512705102455],[-0.122853761042668,51.5151401988454],[-0.12206608989202,51.514615206955],[-0.121796317287431,51.5148688986258],[-0.119451253170614,51.5145022552862],[-0.114694811598885,51.5160264746857],[-0.113825664039223,51.5148236727585],[-0.111567824442113,51.5153350290831],[-0.111057012329661,51.5138292226959],[-0.111935793019154,51.5136881032003],[-0.111704400673957,51.513190130931],[-0.112508903162863,51.5127275162882],[-0.111555901893517,51.5117999980236],[-0.111502690035089,51.5108337081395],[-0.111564258446105,51.5108329196473],[-0.116892774210445,51.5101040605294],[-0.11954268577267,51.5090624950067],[-0.121128605059339,51.5077497899266],[-0.122392686253247,51.5060614118313],[-0.123055272262188,51.5042280556162],[-0.12311070372754,51.5039087543488],[-0.124707103980221,51.4947109507106],[-0.124729605072858,51.4946105360797],[-0.124730488968965,51.4946065871133],[-0.125395133896375,51.4916402166293],[-0.128375395394043,51.4882254414832],[-0.128391884295819,51.4882065465853],[-0.128393747809419,51.4882044108833],[-0.128406612451762,51.4881896694246],[-0.13249809444204,51.4857302302638],[-0.138099883632503,51.4848071919277],[-0.140037506220274,51.4848207435818],[-0.146453295156885,51.4856772582864],[-0.147353491130738,51.4856297351279],[-0.148996641409196,51.4855429704055],[-0.149069825202255,51.4862077858986],[-0.149694758889763,51.4861056884424],[-0.149215697877333,51.4855221474009],[-0.149982777183601,51.4854678755575],[-0.150023801162345,51.4854624319559],[-0.150160100799982,51.4860367426476],[-0.155834442321332,51.4896139833739],[-0.155169196968643,51.4900390378154],[-0.155800936370808,51.4914645586075],[-0.154742871175929,51.4919711717561],[-0.155962988061772,51.4932005305742],[-0.154973307336501,51.4938262892371],[-0.155978849547772,51.4944629954911],[-0.155778957935669,51.4947199124768],[-0.155248805698977,51.4950540493716],[-0.156056937706088,51.4977756229234],[-0.157872281859908,51.4990035349136],[-0.158457848304668,51.5022261968961],[-0.160900957801054,51.5016769308879],[-0.162645857685283,51.5002297524341],[-0.165419106384145,51.4986854876498],[-0.165718041043788,51.4992190700843],[-0.167578430986111,51.4982804215346],[-0.168149601678426,51.4990332262627],[-0.173418772260889,51.4982311819805],[-0.179523790495782,51.4977811999358],[-0.180311745243243,51.5014622342186],[-0.184204941023171,51.5017888524153],[-0.187859378088,51.5101947167436],[-0.189079662133421,51.5101238446144],[-0.192123026589169,51.5098777386719],[-0.192915313999014,51.5118428636856],[-0.194004101884694,51.5117006870548],[-0.195052992094996,51.5150401067145],[-0.199171143961617,51.5145409773787],[-0.199907498009142,51.5168401945293],[-0.200765178561406,51.5179838614387],[-0.201449310818032,51.5178042330809],[-0.203742321009568,51.5206243246734],[-0.202649698006663,51.5208947467866],[-0.200620363638551,51.5207117799079],[-0.201625846701851,51.5227421489335],[-0.203953081013443,51.5235327279873],[-0.206017430034413,51.5258542108062],[-0.207297353929911,51.5262345157409],[-0.212960661863203,51.52688394278],[-0.21549666909487,51.5267185870776],[-0.216020723983129,51.527920360249],[-0.215855751894516,51.5297523895113],[-0.21510696879434,51.5301701760195],[-0.215266647764194,51.5313605595917],[-0.211186423402787,51.5319254415319],[-0.207814035554874,51.5327920069384],[-0.203061890380871,51.5328950499127],[-0.203013026994402,51.5328955541319],[-0.20167541569191,51.5325599953252],[-0.201079967472329,51.5319058552281],[-0.198174940299363,51.5304179662177],[-0.197801829405802,51.5278996092171],[-0.197339740607098,51.5278926212151],[-0.196479321959949,51.5276386356437],[-0.192997934912252,51.5319835606484],[-0.192347014575535,51.5332608562808],[-0.193016132577393,51.5339498423501],[-0.191467608561554,51.5362923581516],[-0.188722649361543,51.5345305083697],[-0.187821656046345,51.5349639435007],[-0.184160670423868,51.5382285733756],[-0.180114010393227,51.5395649957935],[-0.178343045457858,51.5398080687385],[-0.175765524440825,51.5396167232221],[-0.173911770601983,51.5394732192807],[-0.174128478544183,51.5382616885941]]]},"properties":{"LAD24CD":"E09000033","LAD24NM":"Westminster"}}]}